match_id,date,season,team1,team2,venue,toss_winner,toss_decision,winner
335982,2008-04-18,2008,Royal Challengers Bengaluru,Kolkata Knight Riders,M Chinnaswamy Stadium,Royal Challengers Bengaluru,field,Kolkata Knight Riders
335983,2008-04-19,2008,Punjab Kings,Chennai Super Kings,"Punjab Cricket Association Stadium, Mohali",Chennai Super Kings,bat,Chennai Super Kings
335984,2008-04-19,2008,Delhi Capitals,Rajasthan Royals,Feroz Shah Kotla,Rajasthan Royals,bat,Delhi Capitals
335985,2008-04-20,2008,Mumbai Indians,Royal Challengers Bengaluru,Wankhede Stadium,Mumbai Indians,bat,Royal Challengers Bengaluru
335986,2008-04-20,2008,Kolkata Knight Riders,Deccan Chargers,Eden Gardens,Deccan Chargers,bat,Kolkata Knight Riders
335987,2008-04-21,2008,Rajasthan Royals,Punjab Kings,Sawai Mansingh Stadium,Punjab Kings,bat,Rajasthan Royals
335988,2008-04-22,2008,Deccan Chargers,Delhi Capitals,"Rajiv Gandhi International Stadium, Uppal",Deccan Chargers,bat,Delhi Capitals
335989,2008-04-23,2008,Chennai Super Kings,Mumbai Indians,"MA Chidambaram Stadium, Chepauk",Mumbai Indians,field,Chennai Super Kings
335990,2008-04-24,2008,Deccan Chargers,Rajasthan Royals,"Rajiv Gandhi International Stadium, Uppal",Rajasthan Royals,field,Rajasthan Royals
335991,2008-04-25,2008,Punjab Kings,Mumbai Indians,"Punjab Cricket Association Stadium, Mohali",Mumbai Indians,field,Punjab Kings
335992,2008-04-26,2008,Royal Challengers Bengaluru,Rajasthan Royals,M Chinnaswamy Stadium,Rajasthan Royals,field,Rajasthan Royals
335993,2008-04-26,2008,Chennai Super Kings,Kolkata Knight Riders,"MA Chidambaram Stadium, Chepauk",Kolkata Knight Riders,bat,Chennai Super Kings
335994,2008-04-27,2008,Mumbai Indians,Deccan Chargers,Dr DY Patil Sports Academy,Deccan Chargers,field,Deccan Chargers
335995,2008-04-27,2008,Punjab Kings,Delhi Capitals,"Punjab Cricket Association Stadium, Mohali",Delhi Capitals,bat,Punjab Kings
335996,2008-04-28,2008,Royal Challengers Bengaluru,Chennai Super Kings,M Chinnaswamy Stadium,Chennai Super Kings,bat,Chennai Super Kings
335997,2008-04-29,2008,Kolkata Knight Riders,Mumbai Indians,Eden Gardens,Kolkata Knight Riders,bat,Mumbai Indians
335998,2008-04-30,2008,Delhi Capitals,Royal Challengers Bengaluru,Feroz Shah Kotla,Royal Challengers Bengaluru,field,Delhi Capitals
335999,2008-05-01,2008,Deccan Chargers,Punjab Kings,"Rajiv Gandhi International Stadium, Uppal",Punjab Kings,field,Punjab Kings
336000,2008-05-01,2008,Rajasthan Royals,Kolkata Knight Riders,Sawai Mansingh Stadium,Rajasthan Royals,bat,Rajasthan Royals
336001,2008-05-02,2008,Chennai Super Kings,Delhi Capitals,"MA Chidambaram Stadium, Chepauk",Chennai Super Kings,bat,Delhi Capitals
336003,2008-05-03,2008,Punjab Kings,Kolkata Knight Riders,"Punjab Cricket Association Stadium, Mohali",Punjab Kings,bat,Punjab Kings
336034,2008-05-03,2008,Royal Challengers Bengaluru,Deccan Chargers,M Chinnaswamy Stadium,Deccan Chargers,field,Royal Challengers Bengaluru
336004,2008-05-04,2008,Mumbai Indians,Delhi Capitals,Dr DY Patil Sports Academy,Delhi Capitals,field,Mumbai Indians
336005,2008-05-04,2008,Rajasthan Royals,Chennai Super Kings,Sawai Mansingh Stadium,Chennai Super Kings,bat,Rajasthan Royals
336006,2008-05-05,2008,Royal Challengers Bengaluru,Punjab Kings,M Chinnaswamy Stadium,Punjab Kings,field,Punjab Kings
336007,2008-05-06,2008,Chennai Super Kings,Deccan Chargers,"MA Chidambaram Stadium, Chepauk",Deccan Chargers,field,Deccan Chargers
336008,2008-05-07,2008,Mumbai Indians,Rajasthan Royals,Dr DY Patil Sports Academy,Mumbai Indians,field,Mumbai Indians
336009,2008-05-08,2008,Delhi Capitals,Chennai Super Kings,Feroz Shah Kotla,Chennai Super Kings,field,Chennai Super Kings
336010,2008-05-08,2008,Kolkata Knight Riders,Royal Challengers Bengaluru,Eden Gardens,Kolkata Knight Riders,bat,Kolkata Knight Riders
336011,2008-05-09,2008,Rajasthan Royals,Deccan Chargers,Sawai Mansingh Stadium,Rajasthan Royals,field,Rajasthan Royals
336013,2008-05-10,2008,Chennai Super Kings,Punjab Kings,"MA Chidambaram Stadium, Chepauk",Punjab Kings,field,Chennai Super Kings
336014,2008-05-11,2008,Deccan Chargers,Kolkata Knight Riders,"Rajiv Gandhi International Stadium, Uppal",Kolkata Knight Riders,bat,Kolkata Knight Riders
336015,2008-05-11,2008,Rajasthan Royals,Delhi Capitals,Sawai Mansingh Stadium,Rajasthan Royals,field,Rajasthan Royals
336016,2008-05-12,2008,Punjab Kings,Royal Challengers Bengaluru,"Punjab Cricket Association Stadium, Mohali",Royal Challengers Bengaluru,bat,Punjab Kings
336017,2008-05-13,2008,Kolkata Knight Riders,Delhi Capitals,Eden Gardens,Kolkata Knight Riders,bat,Kolkata Knight Riders
336018,2008-05-14,2008,Mumbai Indians,Chennai Super Kings,Wankhede Stadium,Mumbai Indians,field,Mumbai Indians
336020,2008-05-15,2008,Delhi Capitals,Deccan Chargers,Feroz Shah Kotla,Deccan Chargers,field,Delhi Capitals
336021,2008-05-16,2008,Mumbai Indians,Kolkata Knight Riders,Wankhede Stadium,Mumbai Indians,field,Mumbai Indians
336022,2008-05-17,2008,Delhi Capitals,Punjab Kings,Feroz Shah Kotla,Delhi Capitals,bat,Punjab Kings
336023,2008-05-17,2008,Rajasthan Royals,Royal Challengers Bengaluru,Sawai Mansingh Stadium,Royal Challengers Bengaluru,field,Rajasthan Royals
336024,2008-05-18,2008,Deccan Chargers,Mumbai Indians,"Rajiv Gandhi International Stadium, Uppal",Deccan Chargers,field,Mumbai Indians
336025,2008-05-18,2008,Kolkata Knight Riders,Chennai Super Kings,Eden Gardens,Kolkata Knight Riders,bat,Chennai Super Kings
336026,2008-05-19,2008,Royal Challengers Bengaluru,Delhi Capitals,M Chinnaswamy Stadium,Delhi Capitals,field,Delhi Capitals
336027,2008-05-20,2008,Kolkata Knight Riders,Rajasthan Royals,Eden Gardens,Rajasthan Royals,field,Rajasthan Royals
336028,2008-05-21,2008,Mumbai Indians,Punjab Kings,Wankhede Stadium,Mumbai Indians,field,Punjab Kings
336029,2008-05-21,2008,Chennai Super Kings,Royal Challengers Bengaluru,"MA Chidambaram Stadium, Chepauk",Royal Challengers Bengaluru,bat,Royal Challengers Bengaluru
336031,2008-05-23,2008,Punjab Kings,Deccan Chargers,"Punjab Cricket Association Stadium, Mohali",Punjab Kings,field,Punjab Kings
336032,2008-05-24,2008,Delhi Capitals,Mumbai Indians,Feroz Shah Kotla,Delhi Capitals,field,Delhi Capitals
336033,2008-05-24,2008,Chennai Super Kings,Rajasthan Royals,"MA Chidambaram Stadium, Chepauk",Rajasthan Royals,bat,Rajasthan Royals
336002,2008-05-25,2008,Deccan Chargers,Royal Challengers Bengaluru,"Rajiv Gandhi International Stadium, Uppal",Deccan Chargers,bat,Royal Challengers Bengaluru
336035,2008-05-25,2008,Kolkata Knight Riders,Punjab Kings,Eden Gardens,Punjab Kings,bat,Kolkata Knight Riders
336036,2008-05-26,2008,Rajasthan Royals,Mumbai Indians,Sawai Mansingh Stadium,Rajasthan Royals,field,Rajasthan Royals
336037,2008-05-27,2008,Deccan Chargers,Chennai Super Kings,"Rajiv Gandhi International Stadium, Uppal",Deccan Chargers,bat,Chennai Super Kings
336012,2008-05-28,2008,Royal Challengers Bengaluru,Mumbai Indians,M Chinnaswamy Stadium,Mumbai Indians,field,Mumbai Indians
336019,2008-05-28,2008,Punjab Kings,Rajasthan Royals,"Punjab Cricket Association Stadium, Mohali",Rajasthan Royals,field,Punjab Kings
336038,2008-05-30,2008,Delhi Capitals,Rajasthan Royals,Wankhede Stadium,Delhi Capitals,field,Rajasthan Royals
336039,2008-05-31,2008,Chennai Super Kings,Punjab Kings,Wankhede Stadium,Punjab Kings,bat,Chennai Super Kings
336040,2008-06-01,2008,Chennai Super Kings,Rajasthan Royals,Dr DY Patil Sports Academy,Rajasthan Royals,field,Rajasthan Royals
392181,2009-04-18,2009,Chennai Super Kings,Mumbai Indians,Newlands,Chennai Super Kings,field,Mumbai Indians
392182,2009-04-18,2009,Royal Challengers Bengaluru,Rajasthan Royals,Newlands,Royal Challengers Bengaluru,bat,Royal Challengers Bengaluru
392183,2009-04-19,2009,Delhi Capitals,Punjab Kings,Newlands,Delhi Capitals,field,Delhi Capitals
392184,2009-04-19,2009,Deccan Chargers,Kolkata Knight Riders,Newlands,Kolkata Knight Riders,bat,Deccan Chargers
392185,2009-04-20,2009,Royal Challengers Bengaluru,Chennai Super Kings,St George's Park,Chennai Super Kings,bat,Chennai Super Kings
392186,2009-04-21,2009,Punjab Kings,Kolkata Knight Riders,Kingsmead,Kolkata Knight Riders,field,Kolkata Knight Riders
392188,2009-04-22,2009,Royal Challengers Bengaluru,Deccan Chargers,Newlands,Deccan Chargers,bat,Deccan Chargers
392189,2009-04-23,2009,Chennai Super Kings,Delhi Capitals,Kingsmead,Delhi Capitals,bat,Delhi Capitals
392190,2009-04-23,2009,Kolkata Knight Riders,Rajasthan Royals,Newlands,Kolkata Knight Riders,field,Rajasthan Royals
392191,2009-04-24,2009,Royal Challengers Bengaluru,Punjab Kings,Kingsmead,Royal Challengers Bengaluru,bat,Punjab Kings
392192,2009-04-25,2009,Deccan Chargers,Mumbai Indians,Kingsmead,Deccan Chargers,bat,Deccan Chargers
392194,2009-04-26,2009,Royal Challengers Bengaluru,Delhi Capitals,St George's Park,Royal Challengers Bengaluru,bat,Delhi Capitals
392195,2009-04-26,2009,Punjab Kings,Rajasthan Royals,Newlands,Punjab Kings,bat,Punjab Kings
392196,2009-04-27,2009,Chennai Super Kings,Deccan Chargers,Kingsmead,Deccan Chargers,field,Deccan Chargers
392197,2009-04-27,2009,Kolkata Knight Riders,Mumbai Indians,St George's Park,Mumbai Indians,bat,Mumbai Indians
392198,2009-04-28,2009,Delhi Capitals,Rajasthan Royals,SuperSport Park,Delhi Capitals,bat,Rajasthan Royals
392199,2009-04-29,2009,Royal Challengers Bengaluru,Kolkata Knight Riders,Kingsmead,Kolkata Knight Riders,bat,Royal Challengers Bengaluru
392200,2009-04-29,2009,Punjab Kings,Mumbai Indians,Kingsmead,Punjab Kings,bat,Punjab Kings
392201,2009-04-30,2009,Deccan Chargers,Delhi Capitals,SuperSport Park,Delhi Capitals,field,Delhi Capitals
392202,2009-04-30,2009,Chennai Super Kings,Rajasthan Royals,SuperSport Park,Rajasthan Royals,field,Chennai Super Kings
392203,2009-05-01,2009,Kolkata Knight Riders,Mumbai Indians,Buffalo Park,Mumbai Indians,bat,Mumbai Indians
392204,2009-05-01,2009,Royal Challengers Bengaluru,Punjab Kings,Kingsmead,Royal Challengers Bengaluru,bat,Royal Challengers Bengaluru
392205,2009-05-02,2009,Deccan Chargers,Rajasthan Royals,St George's Park,Deccan Chargers,bat,Rajasthan Royals
392206,2009-05-02,2009,Chennai Super Kings,Delhi Capitals,New Wanderers Stadium,Delhi Capitals,field,Chennai Super Kings
392207,2009-05-03,2009,Punjab Kings,Kolkata Knight Riders,St George's Park,Kolkata Knight Riders,bat,Punjab Kings
392208,2009-05-03,2009,Royal Challengers Bengaluru,Mumbai Indians,New Wanderers Stadium,Mumbai Indians,bat,Royal Challengers Bengaluru
392209,2009-05-04,2009,Chennai Super Kings,Deccan Chargers,Buffalo Park,Chennai Super Kings,bat,Chennai Super Kings
392210,2009-05-05,2009,Punjab Kings,Rajasthan Royals,Kingsmead,Punjab Kings,field,Rajasthan Royals
392211,2009-05-05,2009,Delhi Capitals,Kolkata Knight Riders,Kingsmead,Kolkata Knight Riders,bat,Delhi Capitals
392212,2009-05-06,2009,Deccan Chargers,Mumbai Indians,SuperSport Park,Deccan Chargers,bat,Deccan Chargers
392213,2009-05-07,2009,Royal Challengers Bengaluru,Rajasthan Royals,SuperSport Park,Rajasthan Royals,field,Rajasthan Royals
392214,2009-05-07,2009,Chennai Super Kings,Punjab Kings,SuperSport Park,Chennai Super Kings,bat,Chennai Super Kings
392215,2009-05-08,2009,Delhi Capitals,Mumbai Indians,Buffalo Park,Mumbai Indians,bat,Delhi Capitals
392216,2009-05-09,2009,Deccan Chargers,Punjab Kings,De Beers Diamond Oval,Punjab Kings,field,Punjab Kings
392217,2009-05-09,2009,Chennai Super Kings,Rajasthan Royals,De Beers Diamond Oval,Rajasthan Royals,bat,Chennai Super Kings
392218,2009-05-10,2009,Royal Challengers Bengaluru,Mumbai Indians,St George's Park,Mumbai Indians,bat,Mumbai Indians
392219,2009-05-10,2009,Delhi Capitals,Kolkata Knight Riders,New Wanderers Stadium,Delhi Capitals,field,Delhi Capitals
392220,2009-05-11,2009,Deccan Chargers,Rajasthan Royals,De Beers Diamond Oval,Deccan Chargers,bat,Deccan Chargers
392221,2009-05-12,2009,Royal Challengers Bengaluru,Kolkata Knight Riders,SuperSport Park,Royal Challengers Bengaluru,field,Royal Challengers Bengaluru
392222,2009-05-12,2009,Punjab Kings,Mumbai Indians,SuperSport Park,Punjab Kings,bat,Mumbai Indians
392223,2009-05-13,2009,Deccan Chargers,Delhi Capitals,Kingsmead,Deccan Chargers,field,Delhi Capitals
392224,2009-05-14,2009,Royal Challengers Bengaluru,Chennai Super Kings,Kingsmead,Chennai Super Kings,bat,Royal Challengers Bengaluru
392225,2009-05-14,2009,Mumbai Indians,Rajasthan Royals,Kingsmead,Rajasthan Royals,bat,Rajasthan Royals
392226,2009-05-15,2009,Delhi Capitals,Punjab Kings,OUTsurance Oval,Punjab Kings,field,Punjab Kings
392227,2009-05-16,2009,Chennai Super Kings,Mumbai Indians,St George's Park,Mumbai Indians,bat,Chennai Super Kings
392228,2009-05-16,2009,Deccan Chargers,Kolkata Knight Riders,New Wanderers Stadium,Deccan Chargers,field,Deccan Chargers
392229,2009-05-17,2009,Deccan Chargers,Punjab Kings,New Wanderers Stadium,Deccan Chargers,field,Punjab Kings
392230,2009-05-17,2009,Delhi Capitals,Rajasthan Royals,OUTsurance Oval,Delhi Capitals,bat,Delhi Capitals
392231,2009-05-18,2009,Chennai Super Kings,Kolkata Knight Riders,SuperSport Park,Chennai Super Kings,bat,Kolkata Knight Riders
392232,2009-05-19,2009,Royal Challengers Bengaluru,Delhi Capitals,New Wanderers Stadium,Delhi Capitals,bat,Royal Challengers Bengaluru
392233,2009-05-20,2009,Kolkata Knight Riders,Rajasthan Royals,Kingsmead,Kolkata Knight Riders,field,Kolkata Knight Riders
392234,2009-05-20,2009,Chennai Super Kings,Punjab Kings,Kingsmead,Chennai Super Kings,bat,Chennai Super Kings
392235,2009-05-21,2009,Delhi Capitals,Mumbai Indians,SuperSport Park,Delhi Capitals,field,Delhi Capitals
392236,2009-05-21,2009,Royal Challengers Bengaluru,Deccan Chargers,SuperSport Park,Royal Challengers Bengaluru,bat,Royal Challengers Bengaluru
392237,2009-05-22,2009,Delhi Capitals,Deccan Chargers,SuperSport Park,Deccan Chargers,field,Deccan Chargers
392238,2009-05-23,2009,Royal Challengers Bengaluru,Chennai Super Kings,New Wanderers Stadium,Royal Challengers Bengaluru,field,Royal Challengers Bengaluru
392239,2009-05-24,2009,Royal Challengers Bengaluru,Deccan Chargers,New Wanderers Stadium,Royal Challengers Bengaluru,field,Deccan Chargers
419106,2010-03-12,2010,Deccan Chargers,Kolkata Knight Riders,Dr DY Patil Sports Academy,Deccan Chargers,field,Kolkata Knight Riders
419107,2010-03-13,2010,Mumbai Indians,Rajasthan Royals,Brabourne Stadium,Mumbai Indians,bat,Mumbai Indians
419108,2010-03-13,2010,Punjab Kings,Delhi Capitals,"Punjab Cricket Association Stadium, Mohali",Delhi Capitals,field,Delhi Capitals
419109,2010-03-14,2010,Kolkata Knight Riders,Royal Challengers Bengaluru,Eden Gardens,Kolkata Knight Riders,field,Kolkata Knight Riders
419110,2010-03-14,2010,Chennai Super Kings,Deccan Chargers,"MA Chidambaram Stadium, Chepauk",Deccan Chargers,bat,Deccan Chargers
419111,2010-03-15,2010,Rajasthan Royals,Delhi Capitals,"Sardar Patel Stadium, Motera",Delhi Capitals,field,Delhi Capitals
419112,2010-03-16,2010,Royal Challengers Bengaluru,Punjab Kings,M Chinnaswamy Stadium,Punjab Kings,bat,Royal Challengers Bengaluru
419113,2010-03-16,2010,Kolkata Knight Riders,Chennai Super Kings,Eden Gardens,Chennai Super Kings,bat,Chennai Super Kings
419114,2010-03-17,2010,Delhi Capitals,Mumbai Indians,Feroz Shah Kotla,Delhi Capitals,field,Mumbai Indians
419115,2010-03-18,2010,Royal Challengers Bengaluru,Rajasthan Royals,M Chinnaswamy Stadium,Royal Challengers Bengaluru,field,Royal Challengers Bengaluru
419116,2010-03-19,2010,Delhi Capitals,Chennai Super Kings,Feroz Shah Kotla,Delhi Capitals,bat,Chennai Super Kings
419117,2010-03-19,2010,Deccan Chargers,Punjab Kings,Barabati Stadium,Punjab Kings,field,Deccan Chargers
419118,2010-03-20,2010,Rajasthan Royals,Kolkata Knight Riders,"Sardar Patel Stadium, Motera",Rajasthan Royals,bat,Rajasthan Royals
419119,2010-03-20,2010,Mumbai Indians,Royal Challengers Bengaluru,Brabourne Stadium,Mumbai Indians,bat,Royal Challengers Bengaluru
419120,2010-03-21,2010,Deccan Chargers,Delhi Capitals,Barabati Stadium,Deccan Chargers,bat,Deccan Chargers
419121,2010-03-21,2010,Chennai Super Kings,Punjab Kings,"MA Chidambaram Stadium, Chepauk",Chennai Super Kings,field,Punjab Kings
419122,2010-03-22,2010,Mumbai Indians,Kolkata Knight Riders,Brabourne Stadium,Kolkata Knight Riders,bat,Mumbai Indians
419123,2010-03-23,2010,Royal Challengers Bengaluru,Chennai Super Kings,M Chinnaswamy Stadium,Chennai Super Kings,field,Royal Challengers Bengaluru
419124,2010-03-24,2010,Punjab Kings,Rajasthan Royals,"Punjab Cricket Association Stadium, Mohali",Punjab Kings,field,Rajasthan Royals
419125,2010-03-25,2010,Chennai Super Kings,Mumbai Indians,"Brabourne Stadium, Mumbai",Mumbai Indians,field,Mumbai Indians
419128,2010-03-25,2010,Royal Challengers Bengaluru,Delhi Capitals,M Chinnaswamy Stadium,Royal Challengers Bengaluru,field,Delhi Capitals
419126,2010-03-26,2010,Rajasthan Royals,Deccan Chargers,"Sardar Patel Stadium, Motera",Deccan Chargers,bat,Rajasthan Royals
419127,2010-03-27,2010,Punjab Kings,Kolkata Knight Riders,"Punjab Cricket Association Stadium, Mohali",Kolkata Knight Riders,bat,Kolkata Knight Riders
419129,2010-03-28,2010,Rajasthan Royals,Chennai Super Kings,"Sardar Patel Stadium, Motera",Rajasthan Royals,bat,Rajasthan Royals
419130,2010-03-28,2010,Deccan Chargers,Mumbai Indians,Dr DY Patil Sports Academy,Deccan Chargers,field,Mumbai Indians
419131,2010-03-29,2010,Delhi Capitals,Kolkata Knight Riders,Feroz Shah Kotla,Delhi Capitals,bat,Delhi Capitals
419132,2010-03-30,2010,Mumbai Indians,Punjab Kings,Brabourne Stadium,Mumbai Indians,field,Mumbai Indians
419133,2010-03-31,2010,Chennai Super Kings,Royal Challengers Bengaluru,"MA Chidambaram Stadium, Chepauk",Royal Challengers Bengaluru,bat,Chennai Super Kings
419134,2010-03-31,2010,Delhi Capitals,Rajasthan Royals,Feroz Shah Kotla,Delhi Capitals,bat,Delhi Capitals
419135,2010-04-01,2010,Kolkata Knight Riders,Deccan Chargers,Eden Gardens,Kolkata Knight Riders,bat,Kolkata Knight Riders
419136,2010-04-02,2010,Punjab Kings,Royal Challengers Bengaluru,"Punjab Cricket Association Stadium, Mohali",Punjab Kings,bat,Royal Challengers Bengaluru
419137,2010-04-03,2010,Chennai Super Kings,Rajasthan Royals,"MA Chidambaram Stadium, Chepauk",Chennai Super Kings,bat,Chennai Super Kings
419138,2010-04-03,2010,Mumbai Indians,Deccan Chargers,Brabourne Stadium,Mumbai Indians,bat,Mumbai Indians
419139,2010-04-04,2010,Kolkata Knight Riders,Punjab Kings,Eden Gardens,Kolkata Knight Riders,bat,Punjab Kings
419140,2010-04-04,2010,Delhi Capitals,Royal Challengers Bengaluru,Feroz Shah Kotla,Delhi Capitals,bat,Delhi Capitals
419141,2010-04-05,2010,Deccan Chargers,Rajasthan Royals,"Vidarbha Cricket Association Stadium, Jamtha",Rajasthan Royals,bat,Rajasthan Royals
419142,2010-04-06,2010,Chennai Super Kings,Mumbai Indians,"MA Chidambaram Stadium, Chepauk",Chennai Super Kings,bat,Chennai Super Kings
419143,2010-04-07,2010,Rajasthan Royals,Punjab Kings,Sawai Mansingh Stadium,Punjab Kings,bat,Rajasthan Royals
419144,2010-04-07,2010,Kolkata Knight Riders,Delhi Capitals,Eden Gardens,Kolkata Knight Riders,bat,Kolkata Knight Riders
419145,2010-04-08,2010,Royal Challengers Bengaluru,Deccan Chargers,M Chinnaswamy Stadium,Deccan Chargers,field,Deccan Chargers
419146,2010-04-09,2010,Punjab Kings,Mumbai Indians,"Punjab Cricket Association Stadium, Mohali",Mumbai Indians,bat,Punjab Kings
419147,2010-04-10,2010,Deccan Chargers,Chennai Super Kings,"Vidarbha Cricket Association Stadium, Jamtha",Chennai Super Kings,bat,Deccan Chargers
419148,2010-04-10,2010,Royal Challengers Bengaluru,Kolkata Knight Riders,M Chinnaswamy Stadium,Royal Challengers Bengaluru,field,Royal Challengers Bengaluru
419149,2010-04-11,2010,Delhi Capitals,Punjab Kings,Feroz Shah Kotla,Delhi Capitals,bat,Punjab Kings
419150,2010-04-11,2010,Rajasthan Royals,Mumbai Indians,Sawai Mansingh Stadium,Rajasthan Royals,field,Mumbai Indians
419151,2010-04-12,2010,Deccan Chargers,Royal Challengers Bengaluru,"Vidarbha Cricket Association Stadium, Jamtha",Royal Challengers Bengaluru,field,Deccan Chargers
419152,2010-04-13,2010,Mumbai Indians,Delhi Capitals,Brabourne Stadium,Mumbai Indians,bat,Mumbai Indians
419153,2010-04-13,2010,Chennai Super Kings,Kolkata Knight Riders,"MA Chidambaram Stadium, Chepauk",Kolkata Knight Riders,bat,Chennai Super Kings
419154,2010-04-14,2010,Rajasthan Royals,Royal Challengers Bengaluru,Sawai Mansingh Stadium,Rajasthan Royals,bat,Royal Challengers Bengaluru
419155,2010-04-15,2010,Chennai Super Kings,Delhi Capitals,"MA Chidambaram Stadium, Chepauk",Chennai Super Kings,bat,Delhi Capitals
419156,2010-04-16,2010,Punjab Kings,Deccan Chargers,Himachal Pradesh Cricket Association Stadium,Deccan Chargers,field,Deccan Chargers
419157,2010-04-17,2010,Royal Challengers Bengaluru,Mumbai Indians,M Chinnaswamy Stadium,Royal Challengers Bengaluru,field,Mumbai Indians
419158,2010-04-17,2010,Kolkata Knight Riders,Rajasthan Royals,Eden Gardens,Rajasthan Royals,bat,Kolkata Knight Riders
419159,2010-04-18,2010,Punjab Kings,Chennai Super Kings,Himachal Pradesh Cricket Association Stadium,Chennai Super Kings,field,Chennai Super Kings
419160,2010-04-18,2010,Delhi Capitals,Deccan Chargers,Feroz Shah Kotla,Deccan Chargers,bat,Deccan Chargers
419161,2010-04-19,2010,Kolkata Knight Riders,Mumbai Indians,Eden Gardens,Mumbai Indians,bat,Kolkata Knight Riders
419162,2010-04-21,2010,Royal Challengers Bengaluru,Mumbai Indians,Dr DY Patil Sports Academy,Mumbai Indians,bat,Mumbai Indians
419163,2010-04-22,2010,Chennai Super Kings,Deccan Chargers,Dr DY Patil Sports Academy,Chennai Super Kings,bat,Chennai Super Kings
419164,2010-04-24,2010,Royal Challengers Bengaluru,Deccan Chargers,Dr DY Patil Sports Academy,Deccan Chargers,bat,Royal Challengers Bengaluru
419165,2010-04-25,2010,Chennai Super Kings,Mumbai Indians,Dr DY Patil Sports Academy,Chennai Super Kings,bat,Chennai Super Kings
501198,2011-04-08,2011,Chennai Super Kings,Kolkata Knight Riders,"MA Chidambaram Stadium, Chepauk",Chennai Super Kings,bat,Chennai Super Kings
501199,2011-04-09,2011,Deccan Chargers,Rajasthan Royals,"Rajiv Gandhi International Stadium, Uppal",Rajasthan Royals,field,Rajasthan Royals
501200,2011-04-09,2011,Kochi Tuskers Kerala,Royal Challengers Bengaluru,Nehru Stadium,Kochi Tuskers Kerala,bat,Royal Challengers Bengaluru
501201,2011-04-10,2011,Delhi Capitals,Mumbai Indians,Feroz Shah Kotla,Delhi Capitals,bat,Mumbai Indians
501202,2011-04-10,2011,Pune Warriors,Punjab Kings,Dr DY Patil Sports Academy,Punjab Kings,bat,Pune Warriors
501203,2011-04-11,2011,Kolkata Knight Riders,Deccan Chargers,Eden Gardens,Kolkata Knight Riders,bat,Kolkata Knight Riders
501204,2011-04-12,2011,Rajasthan Royals,Delhi Capitals,Sawai Mansingh Stadium,Delhi Capitals,bat,Rajasthan Royals
501205,2011-04-12,2011,Royal Challengers Bengaluru,Mumbai Indians,M Chinnaswamy Stadium,Mumbai Indians,field,Mumbai Indians
501206,2011-04-13,2011,Punjab Kings,Chennai Super Kings,"Punjab Cricket Association Stadium, Mohali",Punjab Kings,field,Punjab Kings
501207,2011-04-13,2011,Pune Warriors,Kochi Tuskers Kerala,Dr DY Patil Sports Academy,Kochi Tuskers Kerala,bat,Pune Warriors
501208,2011-04-14,2011,Deccan Chargers,Royal Challengers Bengaluru,"Rajiv Gandhi International Stadium, Uppal",Royal Challengers Bengaluru,field,Deccan Chargers
501209,2011-04-15,2011,Rajasthan Royals,Kolkata Knight Riders,Sawai Mansingh Stadium,Kolkata Knight Riders,field,Kolkata Knight Riders
501210,2011-04-15,2011,Mumbai Indians,Kochi Tuskers Kerala,Wankhede Stadium,Kochi Tuskers Kerala,field,Kochi Tuskers Kerala
501211,2011-04-16,2011,Chennai Super Kings,Royal Challengers Bengaluru,"MA Chidambaram Stadium, Chepauk",Chennai Super Kings,bat,Chennai Super Kings
501212,2011-04-16,2011,Deccan Chargers,Punjab Kings,"Rajiv Gandhi International Stadium, Uppal",Punjab Kings,field,Punjab Kings
501213,2011-04-17,2011,Pune Warriors,Delhi Capitals,Dr DY Patil Sports Academy,Delhi Capitals,field,Delhi Capitals
501214,2011-04-17,2011,Kolkata Knight Riders,Rajasthan Royals,Eden Gardens,Kolkata Knight Riders,field,Kolkata Knight Riders
501215,2011-04-18,2011,Kochi Tuskers Kerala,Chennai Super Kings,Nehru Stadium,Kochi Tuskers Kerala,field,Kochi Tuskers Kerala
501216,2011-04-19,2011,Delhi Capitals,Deccan Chargers,Feroz Shah Kotla,Deccan Chargers,bat,Deccan Chargers
501218,2011-04-20,2011,Mumbai Indians,Pune Warriors,Wankhede Stadium,Pune Warriors,bat,Mumbai Indians
501219,2011-04-20,2011,Kolkata Knight Riders,Kochi Tuskers Kerala,Eden Gardens,Kolkata Knight Riders,field,Kochi Tuskers Kerala
501220,2011-04-21,2011,Punjab Kings,Rajasthan Royals,"Punjab Cricket Association Stadium, Mohali",Rajasthan Royals,field,Punjab Kings
501221,2011-04-22,2011,Mumbai Indians,Chennai Super Kings,Wankhede Stadium,Chennai Super Kings,field,Mumbai Indians
501222,2011-04-22,2011,Kolkata Knight Riders,Royal Challengers Bengaluru,Eden Gardens,Royal Challengers Bengaluru,field,Royal Challengers Bengaluru
501223,2011-04-23,2011,Delhi Capitals,Punjab Kings,Feroz Shah Kotla,Punjab Kings,field,Delhi Capitals
501224,2011-04-24,2011,Deccan Chargers,Mumbai Indians,"Rajiv Gandhi International Stadium, Uppal",Deccan Chargers,field,Mumbai Indians
501225,2011-04-24,2011,Rajasthan Royals,Kochi Tuskers Kerala,Sawai Mansingh Stadium,Rajasthan Royals,field,Rajasthan Royals
501226,2011-04-25,2011,Chennai Super Kings,Pune Warriors,"MA Chidambaram Stadium, Chepauk",Pune Warriors,field,Chennai Super Kings
501227,2011-04-26,2011,Delhi Capitals,Royal Challengers Bengaluru,Feroz Shah Kotla,Royal Challengers Bengaluru,field,Royal Challengers Bengaluru
501228,2011-04-27,2011,Pune Warriors,Chennai Super Kings,Dr DY Patil Sports Academy,Pune Warriors,bat,Chennai Super Kings
501229,2011-04-27,2011,Kochi Tuskers Kerala,Deccan Chargers,Nehru Stadium,Kochi Tuskers Kerala,field,Deccan Chargers
501230,2011-04-28,2011,Delhi Capitals,Kolkata Knight Riders,Feroz Shah Kotla,Delhi Capitals,field,Kolkata Knight Riders
501231,2011-04-29,2011,Rajasthan Royals,Mumbai Indians,Sawai Mansingh Stadium,Rajasthan Royals,field,Rajasthan Royals
501232,2011-04-29,2011,Royal Challengers Bengaluru,Pune Warriors,M Chinnaswamy Stadium,Pune Warriors,field,Royal Challengers Bengaluru
501233,2011-04-30,2011,Kochi Tuskers Kerala,Delhi Capitals,Nehru Stadium,Delhi Capitals,bat,Delhi Capitals
501234,2011-04-30,2011,Kolkata Knight Riders,Punjab Kings,Eden Gardens,Kolkata Knight Riders,field,Kolkata Knight Riders
501235,2011-05-01,2011,Rajasthan Royals,Pune Warriors,Sawai Mansingh Stadium,Rajasthan Royals,field,Rajasthan Royals
501236,2011-05-01,2011,Chennai Super Kings,Deccan Chargers,"MA Chidambaram Stadium, Chepauk",Chennai Super Kings,bat,Chennai Super Kings
501237,2011-05-02,2011,Mumbai Indians,Punjab Kings,Wankhede Stadium,Punjab Kings,field,Mumbai Indians
501238,2011-05-02,2011,Delhi Capitals,Kochi Tuskers Kerala,Feroz Shah Kotla,Kochi Tuskers Kerala,field,Kochi Tuskers Kerala
501239,2011-05-03,2011,Deccan Chargers,Kolkata Knight Riders,"Rajiv Gandhi International Stadium, Uppal",Deccan Chargers,field,Kolkata Knight Riders
501240,2011-05-04,2011,Chennai Super Kings,Rajasthan Royals,"MA Chidambaram Stadium, Chepauk",Rajasthan Royals,bat,Chennai Super Kings
501241,2011-05-04,2011,Pune Warriors,Mumbai Indians,Dr DY Patil Sports Academy,Pune Warriors,field,Mumbai Indians
501242,2011-05-05,2011,Kochi Tuskers Kerala,Kolkata Knight Riders,Nehru Stadium,Kolkata Knight Riders,field,Kochi Tuskers Kerala
501243,2011-05-05,2011,Deccan Chargers,Delhi Capitals,"Rajiv Gandhi International Stadium, Uppal",Delhi Capitals,field,Delhi Capitals
501244,2011-05-06,2011,Royal Challengers Bengaluru,Punjab Kings,M Chinnaswamy Stadium,Punjab Kings,field,Royal Challengers Bengaluru
501245,2011-05-07,2011,Kolkata Knight Riders,Chennai Super Kings,Eden Gardens,Chennai Super Kings,bat,Kolkata Knight Riders
501246,2011-05-07,2011,Mumbai Indians,Delhi Capitals,Wankhede Stadium,Delhi Capitals,field,Mumbai Indians
501247,2011-05-08,2011,Royal Challengers Bengaluru,Kochi Tuskers Kerala,M Chinnaswamy Stadium,Kochi Tuskers Kerala,bat,Royal Challengers Bengaluru
501248,2011-05-08,2011,Punjab Kings,Pune Warriors,"Punjab Cricket Association Stadium, Mohali",Punjab Kings,bat,Pune Warriors
501249,2011-05-09,2011,Rajasthan Royals,Chennai Super Kings,Sawai Mansingh Stadium,Rajasthan Royals,field,Chennai Super Kings
501250,2011-05-10,2011,Deccan Chargers,Pune Warriors,"Rajiv Gandhi International Stadium, Uppal",Deccan Chargers,bat,Pune Warriors
501251,2011-05-10,2011,Punjab Kings,Mumbai Indians,"Punjab Cricket Association Stadium, Mohali",Mumbai Indians,field,Punjab Kings
501252,2011-05-11,2011,Rajasthan Royals,Royal Challengers Bengaluru,Sawai Mansingh Stadium,Royal Challengers Bengaluru,field,Royal Challengers Bengaluru
501253,2011-05-12,2011,Chennai Super Kings,Delhi Capitals,"MA Chidambaram Stadium, Chepauk",Chennai Super Kings,bat,Chennai Super Kings
501254,2011-05-13,2011,Kochi Tuskers Kerala,Punjab Kings,Holkar Cricket Stadium,Punjab Kings,field,Punjab Kings
501255,2011-05-14,2011,Royal Challengers Bengaluru,Kolkata Knight Riders,M Chinnaswamy Stadium,Royal Challengers Bengaluru,field,Royal Challengers Bengaluru
501256,2011-05-14,2011,Mumbai Indians,Deccan Chargers,Wankhede Stadium,Deccan Chargers,bat,Deccan Chargers
501257,2011-05-15,2011,Punjab Kings,Delhi Capitals,Himachal Pradesh Cricket Association Stadium,Delhi Capitals,field,Punjab Kings
501258,2011-05-15,2011,Kochi Tuskers Kerala,Rajasthan Royals,Holkar Cricket Stadium,Kochi Tuskers Kerala,field,Kochi Tuskers Kerala
501259,2011-05-16,2011,Pune Warriors,Deccan Chargers,Dr DY Patil Sports Academy,Deccan Chargers,field,Deccan Chargers
501260,2011-05-17,2011,Punjab Kings,Royal Challengers Bengaluru,Himachal Pradesh Cricket Association Stadium,Punjab Kings,bat,Punjab Kings
501261,2011-05-18,2011,Chennai Super Kings,Kochi Tuskers Kerala,"MA Chidambaram Stadium, Chepauk",Chennai Super Kings,bat,Chennai Super Kings
501262,2011-05-19,2011,Pune Warriors,Kolkata Knight Riders,Dr DY Patil Sports Academy,Kolkata Knight Riders,field,Kolkata Knight Riders
501263,2011-05-20,2011,Mumbai Indians,Rajasthan Royals,Wankhede Stadium,Mumbai Indians,bat,Rajasthan Royals
501264,2011-05-21,2011,Punjab Kings,Deccan Chargers,Himachal Pradesh Cricket Association Stadium,Punjab Kings,field,Deccan Chargers
501266,2011-05-22,2011,Royal Challengers Bengaluru,Chennai Super Kings,M Chinnaswamy Stadium,Royal Challengers Bengaluru,field,Royal Challengers Bengaluru
501267,2011-05-22,2011,Kolkata Knight Riders,Mumbai Indians,Eden Gardens,Mumbai Indians,field,Mumbai Indians
501268,2011-05-24,2011,Royal Challengers Bengaluru,Chennai Super Kings,Wankhede Stadium,Chennai Super Kings,field,Chennai Super Kings
501269,2011-05-25,2011,Mumbai Indians,Kolkata Knight Riders,Wankhede Stadium,Mumbai Indians,field,Mumbai Indians
501270,2011-05-27,2011,Royal Challengers Bengaluru,Mumbai Indians,"MA Chidambaram Stadium, Chepauk",Mumbai Indians,field,Royal Challengers Bengaluru
501271,2011-05-28,2011,Chennai Super Kings,Royal Challengers Bengaluru,"MA Chidambaram Stadium, Chepauk",Chennai Super Kings,bat,Chennai Super Kings
548306,2012-04-04,2012,Chennai Super Kings,Mumbai Indians,"MA Chidambaram Stadium, Chepauk",Mumbai Indians,field,Mumbai Indians
548307,2012-04-05,2012,Kolkata Knight Riders,Delhi Capitals,Eden Gardens,Delhi Capitals,field,Delhi Capitals
548308,2012-04-06,2012,Mumbai Indians,Pune Warriors,Wankhede Stadium,Mumbai Indians,field,Pune Warriors
548309,2012-04-06,2012,Rajasthan Royals,Punjab Kings,Sawai Mansingh Stadium,Punjab Kings,field,Rajasthan Royals
548310,2012-04-07,2012,Royal Challengers Bengaluru,Delhi Capitals,M Chinnaswamy Stadium,Delhi Capitals,field,Royal Challengers Bengaluru
548311,2012-04-07,2012,Deccan Chargers,Chennai Super Kings,Dr. Y.S. Rajasekhara Reddy ACA-VDCA Cricket Stadium,Deccan Chargers,field,Chennai Super Kings
548312,2012-04-08,2012,Rajasthan Royals,Kolkata Knight Riders,Sawai Mansingh Stadium,Kolkata Knight Riders,field,Rajasthan Royals
548313,2012-04-08,2012,Pune Warriors,Punjab Kings,Subrata Roy Sahara Stadium,Pune Warriors,bat,Pune Warriors
548314,2012-04-09,2012,Deccan Chargers,Mumbai Indians,Dr. Y.S. Rajasekhara Reddy ACA-VDCA Cricket Stadium,Deccan Chargers,bat,Mumbai Indians
548315,2012-04-10,2012,Royal Challengers Bengaluru,Kolkata Knight Riders,M Chinnaswamy Stadium,Royal Challengers Bengaluru,field,Kolkata Knight Riders
548316,2012-04-10,2012,Delhi Capitals,Chennai Super Kings,Feroz Shah Kotla,Delhi Capitals,field,Delhi Capitals
548317,2012-04-11,2012,Mumbai Indians,Rajasthan Royals,Wankhede Stadium,Rajasthan Royals,field,Mumbai Indians
548318,2012-04-12,2012,Chennai Super Kings,Royal Challengers Bengaluru,"MA Chidambaram Stadium, Chepauk",Royal Challengers Bengaluru,bat,Chennai Super Kings
548319,2012-04-12,2012,Punjab Kings,Pune Warriors,"Punjab Cricket Association Stadium, Mohali",Punjab Kings,field,Punjab Kings
548320,2012-04-13,2012,Kolkata Knight Riders,Rajasthan Royals,Eden Gardens,Rajasthan Royals,bat,Kolkata Knight Riders
548322,2012-04-14,2012,Pune Warriors,Chennai Super Kings,Subrata Roy Sahara Stadium,Chennai Super Kings,bat,Pune Warriors
548323,2012-04-15,2012,Kolkata Knight Riders,Punjab Kings,Eden Gardens,Kolkata Knight Riders,field,Punjab Kings
548324,2012-04-15,2012,Royal Challengers Bengaluru,Rajasthan Royals,M Chinnaswamy Stadium,Rajasthan Royals,bat,Rajasthan Royals
548325,2012-04-16,2012,Mumbai Indians,Delhi Capitals,Wankhede Stadium,Delhi Capitals,field,Delhi Capitals
548326,2012-04-17,2012,Rajasthan Royals,Deccan Chargers,Sawai Mansingh Stadium,Deccan Chargers,bat,Rajasthan Royals
548327,2012-04-17,2012,Royal Challengers Bengaluru,Pune Warriors,M Chinnaswamy Stadium,Pune Warriors,bat,Royal Challengers Bengaluru
548328,2012-04-18,2012,Punjab Kings,Kolkata Knight Riders,"Punjab Cricket Association Stadium, Mohali",Punjab Kings,bat,Kolkata Knight Riders
548321,2012-04-19,2012,Delhi Capitals,Deccan Chargers,Feroz Shah Kotla,Deccan Chargers,bat,Delhi Capitals
548330,2012-04-19,2012,Chennai Super Kings,Pune Warriors,"MA Chidambaram Stadium, Chepauk",Pune Warriors,field,Chennai Super Kings
548331,2012-04-20,2012,Punjab Kings,Royal Challengers Bengaluru,"Punjab Cricket Association Stadium, Mohali",Royal Challengers Bengaluru,field,Royal Challengers Bengaluru
548332,2012-04-21,2012,Chennai Super Kings,Rajasthan Royals,"MA Chidambaram Stadium, Chepauk",Rajasthan Royals,bat,Chennai Super Kings
548333,2012-04-21,2012,Delhi Capitals,Pune Warriors,Feroz Shah Kotla,Delhi Capitals,field,Pune Warriors
548334,2012-04-22,2012,Mumbai Indians,Punjab Kings,Wankhede Stadium,Mumbai Indians,bat,Punjab Kings
548335,2012-04-22,2012,Deccan Chargers,Kolkata Knight Riders,Barabati Stadium,Kolkata Knight Riders,field,Kolkata Knight Riders
548336,2012-04-23,2012,Rajasthan Royals,Royal Challengers Bengaluru,Sawai Mansingh Stadium,Rajasthan Royals,field,Royal Challengers Bengaluru
548337,2012-04-24,2012,Pune Warriors,Delhi Capitals,Subrata Roy Sahara Stadium,Pune Warriors,bat,Delhi Capitals
548339,2012-04-25,2012,Punjab Kings,Mumbai Indians,"Punjab Cricket Association Stadium, Mohali",Punjab Kings,bat,Mumbai Indians
548341,2012-04-26,2012,Pune Warriors,Deccan Chargers,Subrata Roy Sahara Stadium,Deccan Chargers,bat,Deccan Chargers
548342,2012-04-27,2012,Delhi Capitals,Mumbai Indians,Feroz Shah Kotla,Mumbai Indians,field,Delhi Capitals
548343,2012-04-28,2012,Chennai Super Kings,Punjab Kings,"MA Chidambaram Stadium, Chepauk",Punjab Kings,bat,Punjab Kings
548344,2012-04-28,2012,Kolkata Knight Riders,Royal Challengers Bengaluru,Eden Gardens,Kolkata Knight Riders,bat,Kolkata Knight Riders
548345,2012-04-29,2012,Delhi Capitals,Rajasthan Royals,Feroz Shah Kotla,Delhi Capitals,bat,Delhi Capitals
548346,2012-04-29,2012,Mumbai Indians,Deccan Chargers,Wankhede Stadium,Mumbai Indians,field,Mumbai Indians
548347,2012-04-30,2012,Chennai Super Kings,Kolkata Knight Riders,"MA Chidambaram Stadium, Chepauk",Chennai Super Kings,bat,Kolkata Knight Riders
548348,2012-05-01,2012,Deccan Chargers,Pune Warriors,Barabati Stadium,Deccan Chargers,bat,Deccan Chargers
548349,2012-05-01,2012,Rajasthan Royals,Delhi Capitals,Sawai Mansingh Stadium,Rajasthan Royals,bat,Delhi Capitals
548350,2012-05-02,2012,Royal Challengers Bengaluru,Punjab Kings,M Chinnaswamy Stadium,Punjab Kings,field,Punjab Kings
548351,2012-05-03,2012,Pune Warriors,Mumbai Indians,Subrata Roy Sahara Stadium,Mumbai Indians,bat,Mumbai Indians
548352,2012-05-04,2012,Chennai Super Kings,Deccan Chargers,"MA Chidambaram Stadium, Chepauk",Chennai Super Kings,bat,Chennai Super Kings
548353,2012-05-05,2012,Kolkata Knight Riders,Pune Warriors,Eden Gardens,Kolkata Knight Riders,bat,Kolkata Knight Riders
548354,2012-05-05,2012,Punjab Kings,Rajasthan Royals,"Punjab Cricket Association Stadium, Mohali",Rajasthan Royals,bat,Rajasthan Royals
548355,2012-05-06,2012,Mumbai Indians,Chennai Super Kings,Wankhede Stadium,Mumbai Indians,field,Mumbai Indians
548356,2012-05-06,2012,Royal Challengers Bengaluru,Deccan Chargers,M Chinnaswamy Stadium,Royal Challengers Bengaluru,field,Royal Challengers Bengaluru
548357,2012-05-07,2012,Delhi Capitals,Kolkata Knight Riders,Feroz Shah Kotla,Delhi Capitals,bat,Kolkata Knight Riders
548358,2012-05-08,2012,Pune Warriors,Rajasthan Royals,Subrata Roy Sahara Stadium,Pune Warriors,bat,Rajasthan Royals
548359,2012-05-08,2012,Deccan Chargers,Punjab Kings,"Rajiv Gandhi International Stadium, Uppal",Deccan Chargers,field,Punjab Kings
548360,2012-05-09,2012,Mumbai Indians,Royal Challengers Bengaluru,Wankhede Stadium,Royal Challengers Bengaluru,field,Royal Challengers Bengaluru
548329,2012-05-10,2012,Deccan Chargers,Delhi Capitals,"Rajiv Gandhi International Stadium, Uppal",Deccan Chargers,bat,Delhi Capitals
548361,2012-05-10,2012,Rajasthan Royals,Chennai Super Kings,Sawai Mansingh Stadium,Chennai Super Kings,field,Chennai Super Kings
548362,2012-05-11,2012,Pune Warriors,Royal Challengers Bengaluru,Subrata Roy Sahara Stadium,Pune Warriors,field,Royal Challengers Bengaluru
548363,2012-05-12,2012,Kolkata Knight Riders,Mumbai Indians,Eden Gardens,Mumbai Indians,bat,Mumbai Indians
548364,2012-05-12,2012,Chennai Super Kings,Delhi Capitals,"MA Chidambaram Stadium, Chepauk",Chennai Super Kings,field,Chennai Super Kings
548365,2012-05-13,2012,Rajasthan Royals,Pune Warriors,Sawai Mansingh Stadium,Rajasthan Royals,bat,Rajasthan Royals
548366,2012-05-13,2012,Punjab Kings,Deccan Chargers,"Punjab Cricket Association Stadium, Mohali",Deccan Chargers,bat,Punjab Kings
548367,2012-05-14,2012,Royal Challengers Bengaluru,Mumbai Indians,M Chinnaswamy Stadium,Mumbai Indians,field,Mumbai Indians
548368,2012-05-14,2012,Kolkata Knight Riders,Chennai Super Kings,Eden Gardens,Chennai Super Kings,field,Chennai Super Kings
548369,2012-05-15,2012,Delhi Capitals,Punjab Kings,Feroz Shah Kotla,Punjab Kings,bat,Delhi Capitals
548370,2012-05-16,2012,Mumbai Indians,Kolkata Knight Riders,Wankhede Stadium,Mumbai Indians,field,Kolkata Knight Riders
548371,2012-05-17,2012,Punjab Kings,Chennai Super Kings,Himachal Pradesh Cricket Association Stadium,Punjab Kings,field,Punjab Kings
548372,2012-05-17,2012,Delhi Capitals,Royal Challengers Bengaluru,Feroz Shah Kotla,Delhi Capitals,field,Royal Challengers Bengaluru
548373,2012-05-18,2012,Deccan Chargers,Rajasthan Royals,"Rajiv Gandhi International Stadium, Uppal",Rajasthan Royals,bat,Deccan Chargers
548374,2012-05-19,2012,Punjab Kings,Delhi Capitals,Himachal Pradesh Cricket Association Stadium,Delhi Capitals,field,Delhi Capitals
548375,2012-05-19,2012,Pune Warriors,Kolkata Knight Riders,Subrata Roy Sahara Stadium,Kolkata Knight Riders,bat,Kolkata Knight Riders
548376,2012-05-20,2012,Deccan Chargers,Royal Challengers Bengaluru,"Rajiv Gandhi International Stadium, Uppal",Royal Challengers Bengaluru,field,Deccan Chargers
548377,2012-05-20,2012,Rajasthan Royals,Mumbai Indians,Sawai Mansingh Stadium,Rajasthan Royals,bat,Mumbai Indians
548378,2012-05-22,2012,Delhi Capitals,Kolkata Knight Riders,Subrata Roy Sahara Stadium,Kolkata Knight Riders,bat,Kolkata Knight Riders
548379,2012-05-23,2012,Chennai Super Kings,Mumbai Indians,M Chinnaswamy Stadium,Mumbai Indians,field,Chennai Super Kings
548380,2012-05-25,2012,Delhi Capitals,Chennai Super Kings,"MA Chidambaram Stadium, Chepauk",Delhi Capitals,field,Chennai Super Kings
548381,2012-05-27,2012,Kolkata Knight Riders,Chennai Super Kings,"MA Chidambaram Stadium, Chepauk",Chennai Super Kings,bat,Kolkata Knight Riders
597998,2013-04-03,2013,Kolkata Knight Riders,Delhi Capitals,Eden Gardens,Kolkata Knight Riders,field,Kolkata Knight Riders
597999,2013-04-04,2013,Royal Challengers Bengaluru,Mumbai Indians,M Chinnaswamy Stadium,Mumbai Indians,field,Royal Challengers Bengaluru
598000,2013-04-05,2013,Sunrisers Hyderabad,Pune Warriors,"Rajiv Gandhi International Stadium, Uppal",Pune Warriors,field,Sunrisers Hyderabad
598001,2013-04-06,2013,Delhi Capitals,Rajasthan Royals,Feroz Shah Kotla,Rajasthan Royals,bat,Rajasthan Royals
598002,2013-04-06,2013,Chennai Super Kings,Mumbai Indians,"MA Chidambaram Stadium, Chepauk",Mumbai Indians,bat,Mumbai Indians
598003,2013-04-07,2013,Pune Warriors,Punjab Kings,Subrata Roy Sahara Stadium,Pune Warriors,bat,Punjab Kings
598004,2013-04-07,2013,Sunrisers Hyderabad,Royal Challengers Bengaluru,"Rajiv Gandhi International Stadium, Uppal",Royal Challengers Bengaluru,bat,Sunrisers Hyderabad
598005,2013-04-08,2013,Rajasthan Royals,Kolkata Knight Riders,Sawai Mansingh Stadium,Kolkata Knight Riders,field,Rajasthan Royals
598006,2013-04-09,2013,Mumbai Indians,Delhi Capitals,Wankhede Stadium,Mumbai Indians,bat,Mumbai Indians
598048,2013-04-09,2013,Royal Challengers Bengaluru,Sunrisers Hyderabad,M Chinnaswamy Stadium,Sunrisers Hyderabad,bat,Royal Challengers Bengaluru
598007,2013-04-10,2013,Punjab Kings,Chennai Super Kings,"Punjab Cricket Association Stadium, Mohali",Chennai Super Kings,field,Chennai Super Kings
598008,2013-04-11,2013,Royal Challengers Bengaluru,Kolkata Knight Riders,M Chinnaswamy Stadium,Royal Challengers Bengaluru,field,Royal Challengers Bengaluru
598009,2013-04-11,2013,Pune Warriors,Rajasthan Royals,Subrata Roy Sahara Stadium,Rajasthan Royals,bat,Pune Warriors
598010,2013-04-12,2013,Delhi Capitals,Sunrisers Hyderabad,Feroz Shah Kotla,Delhi Capitals,bat,Sunrisers Hyderabad
598011,2013-04-13,2013,Mumbai Indians,Pune Warriors,Wankhede Stadium,Mumbai Indians,bat,Mumbai Indians
598012,2013-04-13,2013,Chennai Super Kings,Royal Challengers Bengaluru,"MA Chidambaram Stadium, Chepauk",Chennai Super Kings,field,Chennai Super Kings
598013,2013-04-14,2013,Kolkata Knight Riders,Sunrisers Hyderabad,Eden Gardens,Kolkata Knight Riders,bat,Kolkata Knight Riders
598014,2013-04-14,2013,Rajasthan Royals,Punjab Kings,Sawai Mansingh Stadium,Rajasthan Royals,field,Rajasthan Royals
598015,2013-04-15,2013,Chennai Super Kings,Pune Warriors,"MA Chidambaram Stadium, Chepauk",Pune Warriors,bat,Pune Warriors
598016,2013-04-16,2013,Punjab Kings,Kolkata Knight Riders,"Punjab Cricket Association Stadium, Mohali",Kolkata Knight Riders,field,Punjab Kings
598017,2013-04-16,2013,Royal Challengers Bengaluru,Delhi Capitals,M Chinnaswamy Stadium,Royal Challengers Bengaluru,field,Royal Challengers Bengaluru
598018,2013-04-17,2013,Pune Warriors,Sunrisers Hyderabad,Maharashtra Cricket Association Stadium,Pune Warriors,field,Sunrisers Hyderabad
598019,2013-04-17,2013,Rajasthan Royals,Mumbai Indians,Sawai Mansingh Stadium,Rajasthan Royals,bat,Rajasthan Royals
598020,2013-04-18,2013,Delhi Capitals,Chennai Super Kings,Feroz Shah Kotla,Chennai Super Kings,bat,Chennai Super Kings
598021,2013-04-19,2013,Sunrisers Hyderabad,Punjab Kings,"Rajiv Gandhi International Stadium, Uppal",Punjab Kings,bat,Sunrisers Hyderabad
598022,2013-04-20,2013,Kolkata Knight Riders,Chennai Super Kings,Eden Gardens,Kolkata Knight Riders,bat,Chennai Super Kings
598023,2013-04-20,2013,Royal Challengers Bengaluru,Rajasthan Royals,M Chinnaswamy Stadium,Royal Challengers Bengaluru,field,Royal Challengers Bengaluru
598024,2013-04-21,2013,Delhi Capitals,Mumbai Indians,Feroz Shah Kotla,Mumbai Indians,bat,Delhi Capitals
598025,2013-04-21,2013,Punjab Kings,Pune Warriors,"Punjab Cricket Association Stadium, Mohali",Punjab Kings,field,Punjab Kings
598026,2013-04-22,2013,Chennai Super Kings,Rajasthan Royals,"MA Chidambaram Stadium, Chepauk",Rajasthan Royals,bat,Chennai Super Kings
598027,2013-04-23,2013,Royal Challengers Bengaluru,Pune Warriors,M Chinnaswamy Stadium,Pune Warriors,field,Royal Challengers Bengaluru
598059,2013-04-23,2013,Delhi Capitals,Punjab Kings,Feroz Shah Kotla,Punjab Kings,field,Punjab Kings
598029,2013-04-24,2013,Kolkata Knight Riders,Mumbai Indians,Eden Gardens,Kolkata Knight Riders,bat,Mumbai Indians
598030,2013-04-25,2013,Chennai Super Kings,Sunrisers Hyderabad,"MA Chidambaram Stadium, Chepauk",Sunrisers Hyderabad,bat,Chennai Super Kings
598031,2013-04-26,2013,Kolkata Knight Riders,Punjab Kings,Eden Gardens,Punjab Kings,bat,Kolkata Knight Riders
598032,2013-04-27,2013,Rajasthan Royals,Sunrisers Hyderabad,Sawai Mansingh Stadium,Sunrisers Hyderabad,bat,Rajasthan Royals
598033,2013-04-27,2013,Mumbai Indians,Royal Challengers Bengaluru,Wankhede Stadium,Mumbai Indians,bat,Mumbai Indians
598034,2013-04-28,2013,Chennai Super Kings,Kolkata Knight Riders,"MA Chidambaram Stadium, Chepauk",Kolkata Knight Riders,field,Chennai Super Kings
598035,2013-04-28,2013,Delhi Capitals,Pune Warriors,Shaheed Veer Narayan Singh International Stadium,Pune Warriors,field,Delhi Capitals
598036,2013-04-29,2013,Rajasthan Royals,Royal Challengers Bengaluru,Sawai Mansingh Stadium,Rajasthan Royals,field,Rajasthan Royals
598037,2013-04-29,2013,Mumbai Indians,Punjab Kings,Wankhede Stadium,Mumbai Indians,bat,Mumbai Indians
598038,2013-04-30,2013,Pune Warriors,Chennai Super Kings,Subrata Roy Sahara Stadium,Chennai Super Kings,bat,Chennai Super Kings
598039,2013-05-01,2013,Sunrisers Hyderabad,Mumbai Indians,"Rajiv Gandhi International Stadium, Uppal",Mumbai Indians,bat,Sunrisers Hyderabad
598040,2013-05-01,2013,Delhi Capitals,Kolkata Knight Riders,Shaheed Veer Narayan Singh International Stadium,Kolkata Knight Riders,bat,Delhi Capitals
598041,2013-05-02,2013,Chennai Super Kings,Punjab Kings,"MA Chidambaram Stadium, Chepauk",Chennai Super Kings,bat,Chennai Super Kings
598042,2013-05-02,2013,Pune Warriors,Royal Challengers Bengaluru,Subrata Roy Sahara Stadium,Royal Challengers Bengaluru,bat,Royal Challengers Bengaluru
598043,2013-05-03,2013,Kolkata Knight Riders,Rajasthan Royals,Eden Gardens,Rajasthan Royals,bat,Kolkata Knight Riders
598044,2013-05-04,2013,Sunrisers Hyderabad,Delhi Capitals,"Rajiv Gandhi International Stadium, Uppal",Delhi Capitals,bat,Sunrisers Hyderabad
598046,2013-05-05,2013,Mumbai Indians,Chennai Super Kings,Wankhede Stadium,Mumbai Indians,bat,Mumbai Indians
598047,2013-05-05,2013,Rajasthan Royals,Pune Warriors,Sawai Mansingh Stadium,Pune Warriors,bat,Rajasthan Royals
598064,2013-05-06,2013,Punjab Kings,Royal Challengers Bengaluru,"Punjab Cricket Association Stadium, Mohali",Punjab Kings,field,Punjab Kings
598049,2013-05-07,2013,Rajasthan Royals,Delhi Capitals,Sawai Mansingh Stadium,Delhi Capitals,bat,Rajasthan Royals
598050,2013-05-07,2013,Mumbai Indians,Kolkata Knight Riders,Wankhede Stadium,Mumbai Indians,bat,Mumbai Indians
598051,2013-05-08,2013,Sunrisers Hyderabad,Chennai Super Kings,"Rajiv Gandhi International Stadium, Uppal",Sunrisers Hyderabad,field,Chennai Super Kings
598052,2013-05-09,2013,Punjab Kings,Rajasthan Royals,"Punjab Cricket Association Stadium, Mohali",Rajasthan Royals,field,Rajasthan Royals
598053,2013-05-09,2013,Pune Warriors,Kolkata Knight Riders,Subrata Roy Sahara Stadium,Kolkata Knight Riders,bat,Kolkata Knight Riders
598054,2013-05-10,2013,Delhi Capitals,Royal Challengers Bengaluru,Feroz Shah Kotla,Delhi Capitals,field,Royal Challengers Bengaluru
598055,2013-05-11,2013,Pune Warriors,Mumbai Indians,Subrata Roy Sahara Stadium,Pune Warriors,bat,Mumbai Indians
598056,2013-05-11,2013,Punjab Kings,Sunrisers Hyderabad,"Punjab Cricket Association Stadium, Mohali",Punjab Kings,field,Sunrisers Hyderabad
598057,2013-05-12,2013,Kolkata Knight Riders,Royal Challengers Bengaluru,JSCA International Stadium Complex,Kolkata Knight Riders,field,Kolkata Knight Riders
598058,2013-05-12,2013,Rajasthan Royals,Chennai Super Kings,Sawai Mansingh Stadium,Rajasthan Royals,field,Rajasthan Royals
598060,2013-05-13,2013,Mumbai Indians,Sunrisers Hyderabad,Wankhede Stadium,Sunrisers Hyderabad,bat,Mumbai Indians
598045,2013-05-14,2013,Royal Challengers Bengaluru,Punjab Kings,M Chinnaswamy Stadium,Punjab Kings,field,Punjab Kings
598062,2013-05-14,2013,Chennai Super Kings,Delhi Capitals,"MA Chidambaram Stadium, Chepauk",Chennai Super Kings,bat,Chennai Super Kings
598061,2013-05-15,2013,Kolkata Knight Riders,Pune Warriors,JSCA International Stadium Complex,Kolkata Knight Riders,field,Pune Warriors
598063,2013-05-15,2013,Mumbai Indians,Rajasthan Royals,Wankhede Stadium,Rajasthan Royals,field,Mumbai Indians
598028,2013-05-16,2013,Punjab Kings,Delhi Capitals,Himachal Pradesh Cricket Association Stadium,Delhi Capitals,field,Punjab Kings
598065,2013-05-17,2013,Sunrisers Hyderabad,Rajasthan Royals,"Rajiv Gandhi International Stadium, Uppal",Sunrisers Hyderabad,bat,Sunrisers Hyderabad
598066,2013-05-18,2013,Punjab Kings,Mumbai Indians,Himachal Pradesh Cricket Association Stadium,Mumbai Indians,field,Punjab Kings
598068,2013-05-18,2013,Royal Challengers Bengaluru,Chennai Super Kings,M Chinnaswamy Stadium,Chennai Super Kings,field,Royal Challengers Bengaluru
598067,2013-05-19,2013,Pune Warriors,Delhi Capitals,Subrata Roy Sahara Stadium,Pune Warriors,bat,Pune Warriors
598069,2013-05-19,2013,Sunrisers Hyderabad,Kolkata Knight Riders,"Rajiv Gandhi International Stadium, Uppal",Kolkata Knight Riders,bat,Sunrisers Hyderabad
598070,2013-05-21,2013,Chennai Super Kings,Mumbai Indians,Feroz Shah Kotla,Chennai Super Kings,bat,Chennai Super Kings
598071,2013-05-22,2013,Rajasthan Royals,Sunrisers Hyderabad,Feroz Shah Kotla,Sunrisers Hyderabad,bat,Rajasthan Royals
598072,2013-05-24,2013,Mumbai Indians,Rajasthan Royals,Eden Gardens,Rajasthan Royals,bat,Mumbai Indians
598073,2013-05-26,2013,Chennai Super Kings,Mumbai Indians,Eden Gardens,Mumbai Indians,bat,Mumbai Indians
729279,2014-04-16,2014,Mumbai Indians,Kolkata Knight Riders,Sheikh Zayed Stadium,Kolkata Knight Riders,bat,Kolkata Knight Riders
729281,2014-04-17,2014,Delhi Capitals,Royal Challengers Bengaluru,Sharjah Cricket Stadium,Royal Challengers Bengaluru,field,Royal Challengers Bengaluru
729283,2014-04-18,2014,Chennai Super Kings,Punjab Kings,Sheikh Zayed Stadium,Chennai Super Kings,bat,Punjab Kings
729285,2014-04-18,2014,Sunrisers Hyderabad,Rajasthan Royals,Sheikh Zayed Stadium,Rajasthan Royals,field,Rajasthan Royals
729287,2014-04-19,2014,Royal Challengers Bengaluru,Mumbai Indians,Dubai International Cricket Stadium,Royal Challengers Bengaluru,field,Royal Challengers Bengaluru
729289,2014-04-19,2014,Kolkata Knight Riders,Delhi Capitals,Dubai International Cricket Stadium,Kolkata Knight Riders,bat,Delhi Capitals
729291,2014-04-20,2014,Rajasthan Royals,Punjab Kings,Sharjah Cricket Stadium,Punjab Kings,field,Punjab Kings
729293,2014-04-21,2014,Chennai Super Kings,Delhi Capitals,Sheikh Zayed Stadium,Chennai Super Kings,bat,Chennai Super Kings
729295,2014-04-22,2014,Punjab Kings,Sunrisers Hyderabad,Sharjah Cricket Stadium,Sunrisers Hyderabad,field,Punjab Kings
729297,2014-04-23,2014,Rajasthan Royals,Chennai Super Kings,Dubai International Cricket Stadium,Rajasthan Royals,field,Chennai Super Kings
729299,2014-04-24,2014,Royal Challengers Bengaluru,Kolkata Knight Riders,Sharjah Cricket Stadium,Royal Challengers Bengaluru,field,Kolkata Knight Riders
729301,2014-04-25,2014,Sunrisers Hyderabad,Delhi Capitals,Dubai International Cricket Stadium,Sunrisers Hyderabad,bat,Sunrisers Hyderabad
729303,2014-04-25,2014,Chennai Super Kings,Mumbai Indians,Dubai International Cricket Stadium,Mumbai Indians,bat,Chennai Super Kings
729305,2014-04-26,2014,Rajasthan Royals,Royal Challengers Bengaluru,Sheikh Zayed Stadium,Rajasthan Royals,field,Rajasthan Royals
729307,2014-04-26,2014,Kolkata Knight Riders,Punjab Kings,Sheikh Zayed Stadium,Kolkata Knight Riders,field,Punjab Kings
729309,2014-04-27,2014,Delhi Capitals,Mumbai Indians,Sharjah Cricket Stadium,Mumbai Indians,bat,Delhi Capitals
729311,2014-04-27,2014,Sunrisers Hyderabad,Chennai Super Kings,Sharjah Cricket Stadium,Sunrisers Hyderabad,bat,Chennai Super Kings
729313,2014-04-28,2014,Punjab Kings,Royal Challengers Bengaluru,Dubai International Cricket Stadium,Punjab Kings,field,Punjab Kings
729315,2014-04-29,2014,Kolkata Knight Riders,Rajasthan Royals,Sheikh Zayed Stadium,Rajasthan Royals,bat,Rajasthan Royals
729317,2014-04-30,2014,Mumbai Indians,Sunrisers Hyderabad,Dubai International Cricket Stadium,Mumbai Indians,field,Sunrisers Hyderabad
733971,2014-05-02,2014,Chennai Super Kings,Kolkata Knight Riders,JSCA International Stadium Complex,Chennai Super Kings,bat,Chennai Super Kings
733973,2014-05-03,2014,Mumbai Indians,Punjab Kings,Wankhede Stadium,Punjab Kings,bat,Mumbai Indians
733975,2014-05-03,2014,Delhi Capitals,Rajasthan Royals,Feroz Shah Kotla,Rajasthan Royals,field,Rajasthan Royals
733977,2014-05-04,2014,Royal Challengers Bengaluru,Sunrisers Hyderabad,M Chinnaswamy Stadium,Royal Challengers Bengaluru,field,Royal Challengers Bengaluru
733979,2014-05-05,2014,Rajasthan Royals,Kolkata Knight Riders,"Sardar Patel Stadium, Motera",Kolkata Knight Riders,field,Rajasthan Royals
733981,2014-05-05,2014,Delhi Capitals,Chennai Super Kings,Feroz Shah Kotla,Chennai Super Kings,field,Chennai Super Kings
733983,2014-05-06,2014,Mumbai Indians,Royal Challengers Bengaluru,Wankhede Stadium,Royal Challengers Bengaluru,field,Mumbai Indians
733985,2014-05-07,2014,Delhi Capitals,Kolkata Knight Riders,Feroz Shah Kotla,Delhi Capitals,bat,Kolkata Knight Riders
733987,2014-05-07,2014,Punjab Kings,Chennai Super Kings,Barabati Stadium,Chennai Super Kings,field,Punjab Kings
733989,2014-05-08,2014,Rajasthan Royals,Sunrisers Hyderabad,"Sardar Patel Stadium, Motera",Rajasthan Royals,field,Sunrisers Hyderabad
733991,2014-05-09,2014,Royal Challengers Bengaluru,Punjab Kings,M Chinnaswamy Stadium,Royal Challengers Bengaluru,field,Punjab Kings
733993,2014-05-10,2014,Delhi Capitals,Sunrisers Hyderabad,Feroz Shah Kotla,Sunrisers Hyderabad,field,Sunrisers Hyderabad
733995,2014-05-10,2014,Mumbai Indians,Chennai Super Kings,Wankhede Stadium,Chennai Super Kings,field,Chennai Super Kings
733997,2014-05-11,2014,Punjab Kings,Kolkata Knight Riders,Barabati Stadium,Kolkata Knight Riders,field,Kolkata Knight Riders
733999,2014-05-11,2014,Royal Challengers Bengaluru,Rajasthan Royals,M Chinnaswamy Stadium,Royal Challengers Bengaluru,bat,Rajasthan Royals
734001,2014-05-12,2014,Sunrisers Hyderabad,Mumbai Indians,"Rajiv Gandhi International Stadium, Uppal",Sunrisers Hyderabad,bat,Mumbai Indians
734003,2014-05-13,2014,Chennai Super Kings,Rajasthan Royals,JSCA International Stadium Complex,Rajasthan Royals,bat,Chennai Super Kings
734005,2014-05-13,2014,Royal Challengers Bengaluru,Delhi Capitals,M Chinnaswamy Stadium,Delhi Capitals,field,Royal Challengers Bengaluru
734007,2014-05-14,2014,Sunrisers Hyderabad,Punjab Kings,"Rajiv Gandhi International Stadium, Uppal",Punjab Kings,field,Punjab Kings
734009,2014-05-14,2014,Kolkata Knight Riders,Mumbai Indians,Barabati Stadium,Kolkata Knight Riders,field,Kolkata Knight Riders
734011,2014-05-15,2014,Rajasthan Royals,Delhi Capitals,"Sardar Patel Stadium, Motera",Delhi Capitals,field,Rajasthan Royals
734013,2014-05-18,2014,Chennai Super Kings,Royal Challengers Bengaluru,JSCA International Stadium Complex,Chennai Super Kings,bat,Royal Challengers Bengaluru
734015,2014-05-18,2014,Sunrisers Hyderabad,Kolkata Knight Riders,"Rajiv Gandhi International Stadium, Uppal",Sunrisers Hyderabad,bat,Kolkata Knight Riders
734017,2014-05-19,2014,Rajasthan Royals,Mumbai Indians,"Sardar Patel Stadium, Motera",Mumbai Indians,bat,Mumbai Indians
734019,2014-05-19,2014,Delhi Capitals,Punjab Kings,Feroz Shah Kotla,Punjab Kings,field,Punjab Kings
734021,2014-05-20,2014,Sunrisers Hyderabad,Royal Challengers Bengaluru,"Rajiv Gandhi International Stadium, Uppal",Royal Challengers Bengaluru,bat,Sunrisers Hyderabad
734023,2014-05-20,2014,Kolkata Knight Riders,Chennai Super Kings,Eden Gardens,Kolkata Knight Riders,field,Kolkata Knight Riders
734025,2014-05-21,2014,Punjab Kings,Mumbai Indians,"Punjab Cricket Association Stadium, Mohali",Mumbai Indians,field,Mumbai Indians
734027,2014-05-22,2014,Kolkata Knight Riders,Royal Challengers Bengaluru,Eden Gardens,Royal Challengers Bengaluru,field,Kolkata Knight Riders
734029,2014-05-22,2014,Chennai Super Kings,Sunrisers Hyderabad,JSCA International Stadium Complex,Sunrisers Hyderabad,field,Sunrisers Hyderabad
734031,2014-05-23,2014,Mumbai Indians,Delhi Capitals,Wankhede Stadium,Delhi Capitals,field,Mumbai Indians
734033,2014-05-23,2014,Punjab Kings,Rajasthan Royals,"Punjab Cricket Association Stadium, Mohali",Rajasthan Royals,field,Punjab Kings
734035,2014-05-24,2014,Royal Challengers Bengaluru,Chennai Super Kings,M Chinnaswamy Stadium,Chennai Super Kings,field,Chennai Super Kings
734037,2014-05-24,2014,Kolkata Knight Riders,Sunrisers Hyderabad,Eden Gardens,Kolkata Knight Riders,field,Kolkata Knight Riders
734039,2014-05-25,2014,Punjab Kings,Delhi Capitals,"Punjab Cricket Association Stadium, Mohali",Punjab Kings,field,Punjab Kings
734041,2014-05-25,2014,Mumbai Indians,Rajasthan Royals,Wankhede Stadium,Mumbai Indians,field,Mumbai Indians
734043,2014-05-27,2014,Punjab Kings,Kolkata Knight Riders,Eden Gardens,Punjab Kings,field,Kolkata Knight Riders
734045,2014-05-28,2014,Chennai Super Kings,Mumbai Indians,Brabourne Stadium,Chennai Super Kings,field,Chennai Super Kings
734047,2014-05-30,2014,Chennai Super Kings,Punjab Kings,Wankhede Stadium,Chennai Super Kings,field,Punjab Kings
734049,2014-06-01,2014,Kolkata Knight Riders,Punjab Kings,M Chinnaswamy Stadium,Kolkata Knight Riders,field,Kolkata Knight Riders
829705,2015-04-08,2015,Kolkata Knight Riders,Mumbai Indians,Eden Gardens,Kolkata Knight Riders,field,Kolkata Knight Riders
829707,2015-04-09,2015,Chennai Super Kings,Delhi Capitals,"MA Chidambaram Stadium, Chepauk",Delhi Capitals,field,Chennai Super Kings
829709,2015-04-10,2015,Punjab Kings,Rajasthan Royals,Maharashtra Cricket Association Stadium,Punjab Kings,field,Rajasthan Royals
829711,2015-04-11,2015,Chennai Super Kings,Sunrisers Hyderabad,"MA Chidambaram Stadium, Chepauk",Chennai Super Kings,bat,Chennai Super Kings
829713,2015-04-11,2015,Kolkata Knight Riders,Royal Challengers Bengaluru,Eden Gardens,Royal Challengers Bengaluru,field,Royal Challengers Bengaluru
829715,2015-04-12,2015,Delhi Capitals,Rajasthan Royals,Feroz Shah Kotla,Rajasthan Royals,field,Rajasthan Royals
829717,2015-04-12,2015,Mumbai Indians,Punjab Kings,Wankhede Stadium,Mumbai Indians,field,Punjab Kings
829719,2015-04-13,2015,Royal Challengers Bengaluru,Sunrisers Hyderabad,M Chinnaswamy Stadium,Sunrisers Hyderabad,field,Sunrisers Hyderabad
829721,2015-04-14,2015,Rajasthan Royals,Mumbai Indians,"Sardar Patel Stadium, Motera",Mumbai Indians,bat,Rajasthan Royals
829725,2015-04-15,2015,Punjab Kings,Delhi Capitals,Maharashtra Cricket Association Stadium,Punjab Kings,bat,Delhi Capitals
829727,2015-04-16,2015,Sunrisers Hyderabad,Rajasthan Royals,Dr. Y.S. Rajasekhara Reddy ACA-VDCA Cricket Stadium,Rajasthan Royals,field,Rajasthan Royals
829729,2015-04-17,2015,Mumbai Indians,Chennai Super Kings,Wankhede Stadium,Mumbai Indians,bat,Chennai Super Kings
829731,2015-04-18,2015,Sunrisers Hyderabad,Delhi Capitals,Dr. Y.S. Rajasekhara Reddy ACA-VDCA Cricket Stadium,Delhi Capitals,bat,Delhi Capitals
829733,2015-04-18,2015,Punjab Kings,Kolkata Knight Riders,Maharashtra Cricket Association Stadium,Kolkata Knight Riders,field,Kolkata Knight Riders
829735,2015-04-19,2015,Rajasthan Royals,Chennai Super Kings,"Sardar Patel Stadium, Motera",Chennai Super Kings,bat,Rajasthan Royals
829737,2015-04-19,2015,Royal Challengers Bengaluru,Mumbai Indians,M Chinnaswamy Stadium,Royal Challengers Bengaluru,field,Mumbai Indians
829739,2015-04-20,2015,Delhi Capitals,Kolkata Knight Riders,Feroz Shah Kotla,Kolkata Knight Riders,field,Kolkata Knight Riders
829741,2015-04-21,2015,Rajasthan Royals,Punjab Kings,"Sardar Patel Stadium, Motera",Punjab Kings,field,Punjab Kings
829743,2015-04-22,2015,Sunrisers Hyderabad,Kolkata Knight Riders,Dr. Y.S. Rajasekhara Reddy ACA-VDCA Cricket Stadium,Kolkata Knight Riders,field,Sunrisers Hyderabad
829745,2015-04-22,2015,Royal Challengers Bengaluru,Chennai Super Kings,M Chinnaswamy Stadium,Royal Challengers Bengaluru,field,Chennai Super Kings
829747,2015-04-23,2015,Delhi Capitals,Mumbai Indians,Feroz Shah Kotla,Mumbai Indians,field,Delhi Capitals
829749,2015-04-24,2015,Rajasthan Royals,Royal Challengers Bengaluru,"Sardar Patel Stadium, Motera",Royal Challengers Bengaluru,field,Royal Challengers Bengaluru
829751,2015-04-25,2015,Mumbai Indians,Sunrisers Hyderabad,Wankhede Stadium,Mumbai Indians,bat,Mumbai Indians
829753,2015-04-25,2015,Chennai Super Kings,Punjab Kings,"MA Chidambaram Stadium, Chepauk",Chennai Super Kings,bat,Chennai Super Kings
829757,2015-04-26,2015,Delhi Capitals,Royal Challengers Bengaluru,Feroz Shah Kotla,Royal Challengers Bengaluru,field,Royal Challengers Bengaluru
829759,2015-04-27,2015,Punjab Kings,Sunrisers Hyderabad,"Punjab Cricket Association Stadium, Mohali",Punjab Kings,field,Sunrisers Hyderabad
829765,2015-04-28,2015,Chennai Super Kings,Kolkata Knight Riders,"MA Chidambaram Stadium, Chepauk",Kolkata Knight Riders,field,Chennai Super Kings
829723,2015-04-30,2015,Kolkata Knight Riders,Chennai Super Kings,Eden Gardens,Kolkata Knight Riders,field,Kolkata Knight Riders
829767,2015-05-01,2015,Delhi Capitals,Punjab Kings,Feroz Shah Kotla,Delhi Capitals,field,Delhi Capitals
829769,2015-05-01,2015,Mumbai Indians,Rajasthan Royals,Wankhede Stadium,Rajasthan Royals,field,Mumbai Indians
829771,2015-05-02,2015,Royal Challengers Bengaluru,Kolkata Knight Riders,M Chinnaswamy Stadium,Royal Challengers Bengaluru,field,Royal Challengers Bengaluru
829773,2015-05-02,2015,Sunrisers Hyderabad,Chennai Super Kings,"Rajiv Gandhi International Stadium, Uppal",Chennai Super Kings,field,Sunrisers Hyderabad
829775,2015-05-03,2015,Punjab Kings,Mumbai Indians,"Punjab Cricket Association Stadium, Mohali",Mumbai Indians,bat,Mumbai Indians
829777,2015-05-03,2015,Rajasthan Royals,Delhi Capitals,Brabourne Stadium,Delhi Capitals,field,Rajasthan Royals
829779,2015-05-04,2015,Chennai Super Kings,Royal Challengers Bengaluru,"MA Chidambaram Stadium, Chepauk",Chennai Super Kings,bat,Chennai Super Kings
829781,2015-05-04,2015,Kolkata Knight Riders,Sunrisers Hyderabad,Eden Gardens,Sunrisers Hyderabad,field,Kolkata Knight Riders
829783,2015-05-05,2015,Mumbai Indians,Delhi Capitals,Wankhede Stadium,Delhi Capitals,bat,Mumbai Indians
829785,2015-05-06,2015,Royal Challengers Bengaluru,Punjab Kings,M Chinnaswamy Stadium,Punjab Kings,field,Royal Challengers Bengaluru
829761,2015-05-07,2015,Kolkata Knight Riders,Delhi Capitals,Eden Gardens,Kolkata Knight Riders,bat,Kolkata Knight Riders
829787,2015-05-07,2015,Rajasthan Royals,Sunrisers Hyderabad,Brabourne Stadium,Rajasthan Royals,field,Sunrisers Hyderabad
829789,2015-05-08,2015,Chennai Super Kings,Mumbai Indians,"MA Chidambaram Stadium, Chepauk",Chennai Super Kings,bat,Mumbai Indians
829791,2015-05-09,2015,Kolkata Knight Riders,Punjab Kings,Eden Gardens,Punjab Kings,bat,Kolkata Knight Riders
829793,2015-05-09,2015,Delhi Capitals,Sunrisers Hyderabad,Shaheed Veer Narayan Singh International Stadium,Sunrisers Hyderabad,bat,Sunrisers Hyderabad
829795,2015-05-10,2015,Mumbai Indians,Royal Challengers Bengaluru,Wankhede Stadium,Royal Challengers Bengaluru,bat,Royal Challengers Bengaluru
829797,2015-05-10,2015,Chennai Super Kings,Rajasthan Royals,"MA Chidambaram Stadium, Chepauk",Chennai Super Kings,bat,Chennai Super Kings
829799,2015-05-11,2015,Sunrisers Hyderabad,Punjab Kings,"Rajiv Gandhi International Stadium, Uppal",Sunrisers Hyderabad,bat,Sunrisers Hyderabad
829801,2015-05-12,2015,Delhi Capitals,Chennai Super Kings,Shaheed Veer Narayan Singh International Stadium,Chennai Super Kings,bat,Delhi Capitals
829803,2015-05-13,2015,Punjab Kings,Royal Challengers Bengaluru,"Punjab Cricket Association Stadium, Mohali",Royal Challengers Bengaluru,field,Punjab Kings
829805,2015-05-14,2015,Mumbai Indians,Kolkata Knight Riders,Wankhede Stadium,Kolkata Knight Riders,field,Mumbai Indians
829807,2015-05-15,2015,Sunrisers Hyderabad,Royal Challengers Bengaluru,"Rajiv Gandhi International Stadium, Uppal",Sunrisers Hyderabad,bat,Royal Challengers Bengaluru
829809,2015-05-16,2015,Punjab Kings,Chennai Super Kings,"Punjab Cricket Association Stadium, Mohali",Punjab Kings,bat,Chennai Super Kings
829811,2015-05-16,2015,Rajasthan Royals,Kolkata Knight Riders,Brabourne Stadium,Rajasthan Royals,bat,Rajasthan Royals
829815,2015-05-17,2015,Sunrisers Hyderabad,Mumbai Indians,"Rajiv Gandhi International Stadium, Uppal",Sunrisers Hyderabad,bat,Mumbai Indians
829817,2015-05-19,2015,Chennai Super Kings,Mumbai Indians,Wankhede Stadium,Mumbai Indians,bat,Mumbai Indians
829819,2015-05-20,2015,Royal Challengers Bengaluru,Rajasthan Royals,Maharashtra Cricket Association Stadium,Royal Challengers Bengaluru,bat,Royal Challengers Bengaluru
829821,2015-05-22,2015,Chennai Super Kings,Royal Challengers Bengaluru,JSCA International Stadium Complex,Chennai Super Kings,field,Chennai Super Kings
829823,2015-05-24,2015,Mumbai Indians,Chennai Super Kings,Eden Gardens,Chennai Super Kings,field,Mumbai Indians
980901,2016-04-09,2016,Mumbai Indians,Rising Pune Supergiant,Wankhede Stadium,Mumbai Indians,bat,Rising Pune Supergiant
980903,2016-04-10,2016,Kolkata Knight Riders,Delhi Capitals,Eden Gardens,Kolkata Knight Riders,field,Kolkata Knight Riders
980905,2016-04-11,2016,Punjab Kings,Gujarat Lions,"Punjab Cricket Association IS Bindra Stadium, Mohali",Gujarat Lions,field,Gujarat Lions
980907,2016-04-12,2016,Royal Challengers Bengaluru,Sunrisers Hyderabad,M Chinnaswamy Stadium,Sunrisers Hyderabad,field,Royal Challengers Bengaluru
980909,2016-04-13,2016,Kolkata Knight Riders,Mumbai Indians,Eden Gardens,Mumbai Indians,field,Mumbai Indians
980911,2016-04-14,2016,Gujarat Lions,Rising Pune Supergiant,Saurashtra Cricket Association Stadium,Rising Pune Supergiant,bat,Gujarat Lions
980913,2016-04-15,2016,Delhi Capitals,Punjab Kings,Feroz Shah Kotla,Delhi Capitals,field,Delhi Capitals
980915,2016-04-16,2016,Sunrisers Hyderabad,Kolkata Knight Riders,"Rajiv Gandhi International Stadium, Uppal",Sunrisers Hyderabad,bat,Kolkata Knight Riders
980917,2016-04-16,2016,Mumbai Indians,Gujarat Lions,Wankhede Stadium,Gujarat Lions,field,Gujarat Lions
980919,2016-04-17,2016,Punjab Kings,Rising Pune Supergiant,"Punjab Cricket Association IS Bindra Stadium, Mohali",Rising Pune Supergiant,bat,Punjab Kings
980921,2016-04-17,2016,Royal Challengers Bengaluru,Delhi Capitals,M Chinnaswamy Stadium,Delhi Capitals,field,Delhi Capitals
980923,2016-04-18,2016,Sunrisers Hyderabad,Mumbai Indians,"Rajiv Gandhi International Stadium, Uppal",Sunrisers Hyderabad,field,Sunrisers Hyderabad
980925,2016-04-19,2016,Punjab Kings,Kolkata Knight Riders,"Punjab Cricket Association IS Bindra Stadium, Mohali",Kolkata Knight Riders,field,Kolkata Knight Riders
980927,2016-04-20,2016,Mumbai Indians,Royal Challengers Bengaluru,Wankhede Stadium,Mumbai Indians,field,Mumbai Indians
980929,2016-04-21,2016,Gujarat Lions,Sunrisers Hyderabad,Saurashtra Cricket Association Stadium,Sunrisers Hyderabad,field,Sunrisers Hyderabad
980931,2016-04-22,2016,Rising Pune Supergiant,Royal Challengers Bengaluru,Maharashtra Cricket Association Stadium,Rising Pune Supergiant,field,Royal Challengers Bengaluru
980933,2016-04-23,2016,Delhi Capitals,Mumbai Indians,Feroz Shah Kotla,Mumbai Indians,field,Delhi Capitals
980935,2016-04-23,2016,Sunrisers Hyderabad,Punjab Kings,"Rajiv Gandhi International Stadium, Uppal",Sunrisers Hyderabad,field,Sunrisers Hyderabad
980937,2016-04-24,2016,Gujarat Lions,Royal Challengers Bengaluru,Saurashtra Cricket Association Stadium,Royal Challengers Bengaluru,bat,Gujarat Lions
980939,2016-04-24,2016,Rising Pune Supergiant,Kolkata Knight Riders,Maharashtra Cricket Association Stadium,Kolkata Knight Riders,field,Kolkata Knight Riders
980941,2016-04-25,2016,Punjab Kings,Mumbai Indians,"Punjab Cricket Association IS Bindra Stadium, Mohali",Punjab Kings,field,Mumbai Indians
980943,2016-04-26,2016,Sunrisers Hyderabad,Rising Pune Supergiant,"Rajiv Gandhi International Stadium, Uppal",Rising Pune Supergiant,field,Rising Pune Supergiant
980945,2016-04-27,2016,Delhi Capitals,Gujarat Lions,Feroz Shah Kotla,Delhi Capitals,field,Gujarat Lions
980947,2016-04-28,2016,Mumbai Indians,Kolkata Knight Riders,Wankhede Stadium,Mumbai Indians,field,Mumbai Indians
980949,2016-04-29,2016,Rising Pune Supergiant,Gujarat Lions,Maharashtra Cricket Association Stadium,Gujarat Lions,field,Gujarat Lions
980951,2016-04-30,2016,Delhi Capitals,Kolkata Knight Riders,Feroz Shah Kotla,Kolkata Knight Riders,field,Delhi Capitals
980953,2016-04-30,2016,Sunrisers Hyderabad,Royal Challengers Bengaluru,"Rajiv Gandhi International Stadium, Uppal",Royal Challengers Bengaluru,field,Sunrisers Hyderabad
980955,2016-05-01,2016,Gujarat Lions,Punjab Kings,Saurashtra Cricket Association Stadium,Gujarat Lions,field,Punjab Kings
980957,2016-05-01,2016,Rising Pune Supergiant,Mumbai Indians,Maharashtra Cricket Association Stadium,Mumbai Indians,field,Mumbai Indians
980959,2016-05-02,2016,Royal Challengers Bengaluru,Kolkata Knight Riders,M Chinnaswamy Stadium,Kolkata Knight Riders,field,Kolkata Knight Riders
980961,2016-05-03,2016,Gujarat Lions,Delhi Capitals,Saurashtra Cricket Association Stadium,Delhi Capitals,field,Delhi Capitals
980963,2016-05-04,2016,Kolkata Knight Riders,Punjab Kings,Eden Gardens,Punjab Kings,field,Kolkata Knight Riders
980965,2016-05-05,2016,Delhi Capitals,Rising Pune Supergiant,Feroz Shah Kotla,Rising Pune Supergiant,field,Rising Pune Supergiant
980967,2016-05-06,2016,Sunrisers Hyderabad,Gujarat Lions,"Rajiv Gandhi International Stadium, Uppal",Sunrisers Hyderabad,field,Sunrisers Hyderabad
980969,2016-05-07,2016,Royal Challengers Bengaluru,Rising Pune Supergiant,M Chinnaswamy Stadium,Royal Challengers Bengaluru,field,Royal Challengers Bengaluru
980971,2016-05-07,2016,Punjab Kings,Delhi Capitals,"Punjab Cricket Association IS Bindra Stadium, Mohali",Delhi Capitals,field,Punjab Kings
980973,2016-05-08,2016,Mumbai Indians,Sunrisers Hyderabad,Dr. Y.S. Rajasekhara Reddy ACA-VDCA Cricket Stadium,Mumbai Indians,field,Sunrisers Hyderabad
980975,2016-05-08,2016,Kolkata Knight Riders,Gujarat Lions,Eden Gardens,Gujarat Lions,field,Gujarat Lions
980977,2016-05-09,2016,Punjab Kings,Royal Challengers Bengaluru,"Punjab Cricket Association IS Bindra Stadium, Mohali",Punjab Kings,field,Royal Challengers Bengaluru
980979,2016-05-10,2016,Rising Pune Supergiant,Sunrisers Hyderabad,Dr. Y.S. Rajasekhara Reddy ACA-VDCA Cricket Stadium,Sunrisers Hyderabad,bat,Sunrisers Hyderabad
980981,2016-05-11,2016,Royal Challengers Bengaluru,Mumbai Indians,M Chinnaswamy Stadium,Mumbai Indians,field,Mumbai Indians
980983,2016-05-12,2016,Sunrisers Hyderabad,Delhi Capitals,"Rajiv Gandhi International Stadium, Uppal",Delhi Capitals,field,Delhi Capitals
980985,2016-05-13,2016,Mumbai Indians,Punjab Kings,Dr. Y.S. Rajasekhara Reddy ACA-VDCA Cricket Stadium,Mumbai Indians,bat,Punjab Kings
980987,2016-05-14,2016,Royal Challengers Bengaluru,Gujarat Lions,M Chinnaswamy Stadium,Gujarat Lions,field,Royal Challengers Bengaluru
980989,2016-05-14,2016,Kolkata Knight Riders,Rising Pune Supergiant,Eden Gardens,Rising Pune Supergiant,bat,Kolkata Knight Riders
980991,2016-05-15,2016,Punjab Kings,Sunrisers Hyderabad,"Punjab Cricket Association IS Bindra Stadium, Mohali",Punjab Kings,bat,Sunrisers Hyderabad
980993,2016-05-15,2016,Mumbai Indians,Delhi Capitals,Dr. Y.S. Rajasekhara Reddy ACA-VDCA Cricket Stadium,Delhi Capitals,field,Mumbai Indians
980995,2016-05-16,2016,Kolkata Knight Riders,Royal Challengers Bengaluru,Eden Gardens,Royal Challengers Bengaluru,field,Royal Challengers Bengaluru
980997,2016-05-17,2016,Rising Pune Supergiant,Delhi Capitals,Dr. Y.S. Rajasekhara Reddy ACA-VDCA Cricket Stadium,Rising Pune Supergiant,field,Rising Pune Supergiant
980999,2016-05-18,2016,Royal Challengers Bengaluru,Punjab Kings,M Chinnaswamy Stadium,Punjab Kings,field,Royal Challengers Bengaluru
981001,2016-05-19,2016,Gujarat Lions,Kolkata Knight Riders,Green Park,Gujarat Lions,field,Gujarat Lions
981003,2016-05-20,2016,Delhi Capitals,Sunrisers Hyderabad,Shaheed Veer Narayan Singh International Stadium,Delhi Capitals,field,Delhi Capitals
981005,2016-05-21,2016,Rising Pune Supergiant,Punjab Kings,Dr. Y.S. Rajasekhara Reddy ACA-VDCA Cricket Stadium,Punjab Kings,bat,Rising Pune Supergiant
981007,2016-05-21,2016,Gujarat Lions,Mumbai Indians,Green Park,Gujarat Lions,field,Gujarat Lions
981009,2016-05-22,2016,Kolkata Knight Riders,Sunrisers Hyderabad,Eden Gardens,Sunrisers Hyderabad,field,Kolkata Knight Riders
981011,2016-05-22,2016,Delhi Capitals,Royal Challengers Bengaluru,Shaheed Veer Narayan Singh International Stadium,Royal Challengers Bengaluru,field,Royal Challengers Bengaluru
981013,2016-05-24,2016,Gujarat Lions,Royal Challengers Bengaluru,M Chinnaswamy Stadium,Royal Challengers Bengaluru,field,Royal Challengers Bengaluru
981015,2016-05-25,2016,Sunrisers Hyderabad,Kolkata Knight Riders,Feroz Shah Kotla,Kolkata Knight Riders,field,Sunrisers Hyderabad
981017,2016-05-27,2016,Gujarat Lions,Sunrisers Hyderabad,Feroz Shah Kotla,Sunrisers Hyderabad,field,Sunrisers Hyderabad
981019,2016-05-29,2016,Royal Challengers Bengaluru,Sunrisers Hyderabad,M Chinnaswamy Stadium,Sunrisers Hyderabad,bat,Sunrisers Hyderabad
1082591,2017-04-05,2017,Sunrisers Hyderabad,Royal Challengers Bengaluru,"Rajiv Gandhi International Stadium, Uppal",Royal Challengers Bengaluru,field,Sunrisers Hyderabad
1082592,2017-04-06,2017,Rising Pune Supergiant,Mumbai Indians,Maharashtra Cricket Association Stadium,Rising Pune Supergiant,field,Rising Pune Supergiant
1082593,2017-04-07,2017,Gujarat Lions,Kolkata Knight Riders,Saurashtra Cricket Association Stadium,Kolkata Knight Riders,field,Kolkata Knight Riders
1082594,2017-04-08,2017,Punjab Kings,Rising Pune Supergiant,Holkar Cricket Stadium,Punjab Kings,field,Punjab Kings
1082595,2017-04-08,2017,Royal Challengers Bengaluru,Delhi Capitals,M.Chinnaswamy Stadium,Royal Challengers Bengaluru,bat,Royal Challengers Bengaluru
1082596,2017-04-09,2017,Sunrisers Hyderabad,Gujarat Lions,"Rajiv Gandhi International Stadium, Uppal",Sunrisers Hyderabad,field,Sunrisers Hyderabad
1082597,2017-04-09,2017,Mumbai Indians,Kolkata Knight Riders,Wankhede Stadium,Mumbai Indians,field,Mumbai Indians
1082598,2017-04-10,2017,Punjab Kings,Royal Challengers Bengaluru,Holkar Cricket Stadium,Royal Challengers Bengaluru,bat,Punjab Kings
1082599,2017-04-11,2017,Rising Pune Supergiant,Delhi Capitals,Maharashtra Cricket Association Stadium,Rising Pune Supergiant,field,Delhi Capitals
1082600,2017-04-12,2017,Mumbai Indians,Sunrisers Hyderabad,Wankhede Stadium,Mumbai Indians,field,Mumbai Indians
1082601,2017-04-13,2017,Kolkata Knight Riders,Punjab Kings,Eden Gardens,Kolkata Knight Riders,field,Kolkata Knight Riders
1082602,2017-04-14,2017,Royal Challengers Bengaluru,Mumbai Indians,M Chinnaswamy Stadium,Mumbai Indians,field,Mumbai Indians
1082603,2017-04-14,2017,Gujarat Lions,Rising Pune Supergiant,Saurashtra Cricket Association Stadium,Gujarat Lions,field,Gujarat Lions
1082604,2017-04-15,2017,Kolkata Knight Riders,Sunrisers Hyderabad,Eden Gardens,Sunrisers Hyderabad,field,Kolkata Knight Riders
1082605,2017-04-15,2017,Delhi Capitals,Punjab Kings,Feroz Shah Kotla,Delhi Capitals,bat,Delhi Capitals
1082606,2017-04-16,2017,Mumbai Indians,Gujarat Lions,Wankhede Stadium,Mumbai Indians,field,Mumbai Indians
1082607,2017-04-16,2017,Royal Challengers Bengaluru,Rising Pune Supergiant,M Chinnaswamy Stadium,Royal Challengers Bengaluru,field,Rising Pune Supergiant
1082608,2017-04-17,2017,Delhi Capitals,Kolkata Knight Riders,Feroz Shah Kotla,Delhi Capitals,bat,Kolkata Knight Riders
1082609,2017-04-17,2017,Sunrisers Hyderabad,Punjab Kings,"Rajiv Gandhi International Stadium, Uppal",Punjab Kings,field,Sunrisers Hyderabad
1082610,2017-04-18,2017,Gujarat Lions,Royal Challengers Bengaluru,Saurashtra Cricket Association Stadium,Gujarat Lions,field,Royal Challengers Bengaluru
1082611,2017-04-19,2017,Sunrisers Hyderabad,Delhi Capitals,"Rajiv Gandhi International Stadium, Uppal",Sunrisers Hyderabad,bat,Sunrisers Hyderabad
1082612,2017-04-20,2017,Punjab Kings,Mumbai Indians,Holkar Cricket Stadium,Mumbai Indians,field,Mumbai Indians
1082613,2017-04-21,2017,Kolkata Knight Riders,Gujarat Lions,Eden Gardens,Gujarat Lions,field,Gujarat Lions
1082614,2017-04-22,2017,Mumbai Indians,Delhi Capitals,Wankhede Stadium,Delhi Capitals,field,Mumbai Indians
1082615,2017-04-22,2017,Rising Pune Supergiant,Sunrisers Hyderabad,Maharashtra Cricket Association Stadium,Rising Pune Supergiant,field,Rising Pune Supergiant
1082616,2017-04-23,2017,Gujarat Lions,Punjab Kings,Saurashtra Cricket Association Stadium,Gujarat Lions,field,Punjab Kings
1082617,2017-04-23,2017,Kolkata Knight Riders,Royal Challengers Bengaluru,Eden Gardens,Royal Challengers Bengaluru,field,Kolkata Knight Riders
1082618,2017-04-24,2017,Mumbai Indians,Rising Pune Supergiant,Wankhede Stadium,Mumbai Indians,field,Rising Pune Supergiant
1082620,2017-04-26,2017,Rising Pune Supergiant,Kolkata Knight Riders,Maharashtra Cricket Association Stadium,Kolkata Knight Riders,field,Kolkata Knight Riders
1082621,2017-04-27,2017,Royal Challengers Bengaluru,Gujarat Lions,M Chinnaswamy Stadium,Gujarat Lions,field,Gujarat Lions
1082622,2017-04-28,2017,Kolkata Knight Riders,Delhi Capitals,Eden Gardens,Kolkata Knight Riders,field,Kolkata Knight Riders
1082623,2017-04-28,2017,Punjab Kings,Sunrisers Hyderabad,"Punjab Cricket Association IS Bindra Stadium, Mohali",Punjab Kings,field,Sunrisers Hyderabad
1082624,2017-04-29,2017,Rising Pune Supergiant,Royal Challengers Bengaluru,Maharashtra Cricket Association Stadium,Royal Challengers Bengaluru,field,Rising Pune Supergiant
1082625,2017-04-29,2017,Gujarat Lions,Mumbai Indians,Saurashtra Cricket Association Stadium,Gujarat Lions,bat,Mumbai Indians
1082626,2017-04-30,2017,Punjab Kings,Delhi Capitals,"Punjab Cricket Association IS Bindra Stadium, Mohali",Punjab Kings,field,Punjab Kings
1082627,2017-04-30,2017,Sunrisers Hyderabad,Kolkata Knight Riders,"Rajiv Gandhi International Stadium, Uppal",Kolkata Knight Riders,field,Sunrisers Hyderabad
1082628,2017-05-01,2017,Mumbai Indians,Royal Challengers Bengaluru,Wankhede Stadium,Royal Challengers Bengaluru,bat,Mumbai Indians
1082629,2017-05-01,2017,Rising Pune Supergiant,Gujarat Lions,Maharashtra Cricket Association Stadium,Rising Pune Supergiant,field,Rising Pune Supergiant
1082630,2017-05-02,2017,Delhi Capitals,Sunrisers Hyderabad,Feroz Shah Kotla,Delhi Capitals,field,Delhi Capitals
1082631,2017-05-03,2017,Kolkata Knight Riders,Rising Pune Supergiant,Eden Gardens,Rising Pune Supergiant,field,Rising Pune Supergiant
1082632,2017-05-04,2017,Delhi Capitals,Gujarat Lions,Feroz Shah Kotla,Delhi Capitals,field,Delhi Capitals
1082633,2017-05-05,2017,Royal Challengers Bengaluru,Punjab Kings,M Chinnaswamy Stadium,Royal Challengers Bengaluru,field,Punjab Kings
1082634,2017-05-06,2017,Sunrisers Hyderabad,Rising Pune Supergiant,"Rajiv Gandhi International Stadium, Uppal",Sunrisers Hyderabad,field,Rising Pune Supergiant
1082635,2017-05-06,2017,Delhi Capitals,Mumbai Indians,Feroz Shah Kotla,Delhi Capitals,field,Mumbai Indians
1082636,2017-05-07,2017,Royal Challengers Bengaluru,Kolkata Knight Riders,M Chinnaswamy Stadium,Kolkata Knight Riders,field,Kolkata Knight Riders
1082637,2017-05-07,2017,Punjab Kings,Gujarat Lions,"Punjab Cricket Association IS Bindra Stadium, Mohali",Gujarat Lions,field,Gujarat Lions
1082638,2017-05-08,2017,Sunrisers Hyderabad,Mumbai Indians,"Rajiv Gandhi International Stadium, Uppal",Mumbai Indians,bat,Sunrisers Hyderabad
1082639,2017-05-09,2017,Punjab Kings,Kolkata Knight Riders,"Punjab Cricket Association IS Bindra Stadium, Mohali",Kolkata Knight Riders,field,Punjab Kings
1082640,2017-05-10,2017,Gujarat Lions,Delhi Capitals,Green Park,Delhi Capitals,field,Delhi Capitals
1082641,2017-05-11,2017,Mumbai Indians,Punjab Kings,Wankhede Stadium,Mumbai Indians,field,Punjab Kings
1082642,2017-05-12,2017,Delhi Capitals,Rising Pune Supergiant,Feroz Shah Kotla,Delhi Capitals,bat,Delhi Capitals
1082643,2017-05-13,2017,Gujarat Lions,Sunrisers Hyderabad,Green Park,Sunrisers Hyderabad,field,Sunrisers Hyderabad
1082644,2017-05-13,2017,Kolkata Knight Riders,Mumbai Indians,Eden Gardens,Kolkata Knight Riders,field,Mumbai Indians
1082645,2017-05-14,2017,Rising Pune Supergiant,Punjab Kings,Maharashtra Cricket Association Stadium,Rising Pune Supergiant,field,Rising Pune Supergiant
1082646,2017-05-14,2017,Delhi Capitals,Royal Challengers Bengaluru,Feroz Shah Kotla,Royal Challengers Bengaluru,bat,Royal Challengers Bengaluru
1082647,2017-05-16,2017,Mumbai Indians,Rising Pune Supergiant,Wankhede Stadium,Mumbai Indians,field,Rising Pune Supergiant
1082648,2017-05-17,2017,Sunrisers Hyderabad,Kolkata Knight Riders,M Chinnaswamy Stadium,Kolkata Knight Riders,field,Kolkata Knight Riders
1082649,2017-05-19,2017,Mumbai Indians,Kolkata Knight Riders,M Chinnaswamy Stadium,Mumbai Indians,field,Mumbai Indians
1082650,2017-05-21,2017,Mumbai Indians,Rising Pune Supergiant,"Rajiv Gandhi International Stadium, Uppal",Mumbai Indians,bat,Mumbai Indians
1136561,2018-04-07,2018,Mumbai Indians,Chennai Super Kings,Wankhede Stadium,Chennai Super Kings,field,Chennai Super Kings
1136562,2018-04-08,2018,Delhi Capitals,Punjab Kings,Punjab Cricket Association IS Bindra Stadium,Punjab Kings,field,Punjab Kings
1136563,2018-04-08,2018,Royal Challengers Bengaluru,Kolkata Knight Riders,Eden Gardens,Kolkata Knight Riders,field,Kolkata Knight Riders
1136564,2018-04-09,2018,Rajasthan Royals,Sunrisers Hyderabad,Rajiv Gandhi International Stadium,Sunrisers Hyderabad,field,Sunrisers Hyderabad
1136565,2018-04-10,2018,Kolkata Knight Riders,Chennai Super Kings,MA Chidambaram Stadium,Chennai Super Kings,field,Chennai Super Kings
1136566,2018-04-11,2018,Rajasthan Royals,Delhi Capitals,Sawai Mansingh Stadium,Delhi Capitals,field,Rajasthan Royals
1136567,2018-04-12,2018,Mumbai Indians,Sunrisers Hyderabad,Rajiv Gandhi International Stadium,Sunrisers Hyderabad,field,Sunrisers Hyderabad
1136568,2018-04-13,2018,Punjab Kings,Royal Challengers Bengaluru,M.Chinnaswamy Stadium,Royal Challengers Bengaluru,field,Royal Challengers Bengaluru
1136569,2018-04-14,2018,Mumbai Indians,Delhi Capitals,Wankhede Stadium,Delhi Capitals,field,Delhi Capitals
1136570,2018-04-14,2018,Kolkata Knight Riders,Sunrisers Hyderabad,Eden Gardens,Sunrisers Hyderabad,field,Sunrisers Hyderabad
1136571,2018-04-15,2018,Rajasthan Royals,Royal Challengers Bengaluru,M.Chinnaswamy Stadium,Royal Challengers Bengaluru,field,Rajasthan Royals
1136572,2018-04-15,2018,Punjab Kings,Chennai Super Kings,Punjab Cricket Association IS Bindra Stadium,Chennai Super Kings,field,Punjab Kings
1136573,2018-04-16,2018,Kolkata Knight Riders,Delhi Capitals,Eden Gardens,Delhi Capitals,field,Kolkata Knight Riders
1136574,2018-04-17,2018,Mumbai Indians,Royal Challengers Bengaluru,Wankhede Stadium,Royal Challengers Bengaluru,field,Mumbai Indians
1136575,2018-04-18,2018,Rajasthan Royals,Kolkata Knight Riders,Sawai Mansingh Stadium,Kolkata Knight Riders,field,Kolkata Knight Riders
1136576,2018-04-19,2018,Punjab Kings,Sunrisers Hyderabad,Punjab Cricket Association IS Bindra Stadium,Punjab Kings,bat,Punjab Kings
1136577,2018-04-20,2018,Chennai Super Kings,Rajasthan Royals,Maharashtra Cricket Association Stadium,Rajasthan Royals,field,Chennai Super Kings
1136578,2018-04-21,2018,Kolkata Knight Riders,Punjab Kings,Eden Gardens,Punjab Kings,field,Punjab Kings
1136579,2018-04-21,2018,Delhi Capitals,Royal Challengers Bengaluru,M.Chinnaswamy Stadium,Royal Challengers Bengaluru,field,Royal Challengers Bengaluru
1136580,2018-04-22,2018,Chennai Super Kings,Sunrisers Hyderabad,Rajiv Gandhi International Stadium,Sunrisers Hyderabad,field,Chennai Super Kings
1136581,2018-04-22,2018,Mumbai Indians,Rajasthan Royals,Sawai Mansingh Stadium,Mumbai Indians,bat,Rajasthan Royals
1136582,2018-04-23,2018,Punjab Kings,Delhi Capitals,Arun Jaitley Stadium,Delhi Capitals,field,Punjab Kings
1136583,2018-04-24,2018,Sunrisers Hyderabad,Mumbai Indians,Wankhede Stadium,Mumbai Indians,field,Sunrisers Hyderabad
1136584,2018-04-25,2018,Royal Challengers Bengaluru,Chennai Super Kings,M.Chinnaswamy Stadium,Chennai Super Kings,field,Chennai Super Kings
1136585,2018-04-26,2018,Sunrisers Hyderabad,Punjab Kings,Rajiv Gandhi International Stadium,Punjab Kings,field,Sunrisers Hyderabad
1136586,2018-04-27,2018,Delhi Capitals,Kolkata Knight Riders,Arun Jaitley Stadium,Kolkata Knight Riders,field,Delhi Capitals
1136587,2018-04-28,2018,Chennai Super Kings,Mumbai Indians,Maharashtra Cricket Association Stadium,Mumbai Indians,field,Mumbai Indians
1136588,2018-04-29,2018,Sunrisers Hyderabad,Rajasthan Royals,Sawai Mansingh Stadium,Sunrisers Hyderabad,bat,Sunrisers Hyderabad
1136589,2018-04-29,2018,Royal Challengers Bengaluru,Kolkata Knight Riders,M.Chinnaswamy Stadium,Kolkata Knight Riders,field,Kolkata Knight Riders
1136590,2018-04-30,2018,Chennai Super Kings,Delhi Capitals,Maharashtra Cricket Association Stadium,Delhi Capitals,field,Chennai Super Kings
1136591,2018-05-01,2018,Royal Challengers Bengaluru,Mumbai Indians,M.Chinnaswamy Stadium,Mumbai Indians,field,Royal Challengers Bengaluru
1136592,2018-05-02,2018,Delhi Capitals,Rajasthan Royals,Arun Jaitley Stadium,Rajasthan Royals,field,Delhi Capitals
1136593,2018-05-03,2018,Chennai Super Kings,Kolkata Knight Riders,Eden Gardens,Kolkata Knight Riders,field,Kolkata Knight Riders
1136594,2018-05-04,2018,Punjab Kings,Mumbai Indians,Holkar Cricket Stadium,Mumbai Indians,field,Mumbai Indians
1136595,2018-05-05,2018,Royal Challengers Bengaluru,Chennai Super Kings,Maharashtra Cricket Association Stadium,Chennai Super Kings,field,Chennai Super Kings
1136596,2018-05-05,2018,Delhi Capitals,Sunrisers Hyderabad,Rajiv Gandhi International Stadium,Delhi Capitals,bat,Sunrisers Hyderabad
1136597,2018-05-06,2018,Mumbai Indians,Kolkata Knight Riders,Wankhede Stadium,Kolkata Knight Riders,field,Mumbai Indians
1136598,2018-05-06,2018,Rajasthan Royals,Punjab Kings,Holkar Cricket Stadium,Punjab Kings,field,Punjab Kings
1136599,2018-05-07,2018,Sunrisers Hyderabad,Royal Challengers Bengaluru,Rajiv Gandhi International Stadium,Royal Challengers Bengaluru,field,Sunrisers Hyderabad
1136600,2018-05-08,2018,Rajasthan Royals,Punjab Kings,Sawai Mansingh Stadium,Rajasthan Royals,bat,Rajasthan Royals
1136601,2018-05-09,2018,Mumbai Indians,Kolkata Knight Riders,Eden Gardens,Kolkata Knight Riders,field,Mumbai Indians
1136602,2018-05-10,2018,Delhi Capitals,Sunrisers Hyderabad,Arun Jaitley Stadium,Delhi Capitals,bat,Sunrisers Hyderabad
1136603,2018-05-11,2018,Chennai Super Kings,Rajasthan Royals,Sawai Mansingh Stadium,Chennai Super Kings,bat,Rajasthan Royals
1136604,2018-05-12,2018,Kolkata Knight Riders,Punjab Kings,Holkar Cricket Stadium,Punjab Kings,field,Kolkata Knight Riders
1136605,2018-05-12,2018,Delhi Capitals,Royal Challengers Bengaluru,Arun Jaitley Stadium,Royal Challengers Bengaluru,field,Royal Challengers Bengaluru
1136606,2018-05-13,2018,Sunrisers Hyderabad,Chennai Super Kings,Maharashtra Cricket Association Stadium,Chennai Super Kings,field,Chennai Super Kings
1136607,2018-05-13,2018,Mumbai Indians,Rajasthan Royals,Wankhede Stadium,Rajasthan Royals,field,Rajasthan Royals
1136608,2018-05-14,2018,Punjab Kings,Royal Challengers Bengaluru,Holkar Cricket Stadium,Royal Challengers Bengaluru,field,Royal Challengers Bengaluru
1136609,2018-05-15,2018,Rajasthan Royals,Kolkata Knight Riders,Eden Gardens,Kolkata Knight Riders,field,Kolkata Knight Riders
1136610,2018-05-16,2018,Mumbai Indians,Punjab Kings,Wankhede Stadium,Punjab Kings,field,Mumbai Indians
1136611,2018-05-17,2018,Royal Challengers Bengaluru,Sunrisers Hyderabad,M.Chinnaswamy Stadium,Sunrisers Hyderabad,field,Royal Challengers Bengaluru
1136612,2018-05-18,2018,Delhi Capitals,Chennai Super Kings,Arun Jaitley Stadium,Chennai Super Kings,field,Delhi Capitals
1136613,2018-05-19,2018,Rajasthan Royals,Royal Challengers Bengaluru,Sawai Mansingh Stadium,Rajasthan Royals,bat,Rajasthan Royals
1136614,2018-05-19,2018,Sunrisers Hyderabad,Kolkata Knight Riders,Rajiv Gandhi International Stadium,Sunrisers Hyderabad,bat,Kolkata Knight Riders
1136615,2018-05-20,2018,Delhi Capitals,Mumbai Indians,Arun Jaitley Stadium,Delhi Capitals,bat,Delhi Capitals
1136616,2018-05-20,2018,Punjab Kings,Chennai Super Kings,Maharashtra Cricket Association Stadium,Chennai Super Kings,field,Chennai Super Kings
1136617,2018-05-22,2018,Sunrisers Hyderabad,Chennai Super Kings,Wankhede Stadium,Chennai Super Kings,field,Chennai Super Kings
1136618,2018-05-23,2018,Kolkata Knight Riders,Rajasthan Royals,Eden Gardens,Rajasthan Royals,field,Kolkata Knight Riders
1136619,2018-05-25,2018,Sunrisers Hyderabad,Kolkata Knight Riders,Eden Gardens,Kolkata Knight Riders,field,Sunrisers Hyderabad
1136620,2018-05-27,2018,Sunrisers Hyderabad,Chennai Super Kings,Wankhede Stadium,Chennai Super Kings,field,Chennai Super Kings
1175356,2019-03-23,2019,Royal Challengers Bengaluru,Chennai Super Kings,MA Chidambaram Stadium,Chennai Super Kings,field,Chennai Super Kings
1175357,2019-03-24,2019,Sunrisers Hyderabad,Kolkata Knight Riders,Eden Gardens,Kolkata Knight Riders,field,Kolkata Knight Riders
1175358,2019-03-24,2019,Delhi Capitals,Mumbai Indians,Wankhede Stadium,Mumbai Indians,field,Delhi Capitals
1175359,2019-03-25,2019,Punjab Kings,Rajasthan Royals,Sawai Mansingh Stadium,Rajasthan Royals,field,Punjab Kings
1175360,2019-03-26,2019,Delhi Capitals,Chennai Super Kings,Arun Jaitley Stadium,Delhi Capitals,bat,Chennai Super Kings
1175361,2019-03-27,2019,Kolkata Knight Riders,Punjab Kings,Eden Gardens,Punjab Kings,field,Kolkata Knight Riders
1175362,2019-03-28,2019,Mumbai Indians,Royal Challengers Bengaluru,M.Chinnaswamy Stadium,Royal Challengers Bengaluru,field,Mumbai Indians
1175363,2019-03-29,2019,Rajasthan Royals,Sunrisers Hyderabad,Rajiv Gandhi International Stadium,Rajasthan Royals,bat,Sunrisers Hyderabad
1175364,2019-03-30,2019,Mumbai Indians,Punjab Kings,Punjab Cricket Association IS Bindra Stadium,Punjab Kings,field,Punjab Kings
1175365,2019-03-30,2019,Kolkata Knight Riders,Delhi Capitals,Arun Jaitley Stadium,Delhi Capitals,field,Delhi Capitals
1175366,2019-03-31,2019,Sunrisers Hyderabad,Royal Challengers Bengaluru,Rajiv Gandhi International Stadium,Royal Challengers Bengaluru,field,Sunrisers Hyderabad
1175367,2019-03-31,2019,Chennai Super Kings,Rajasthan Royals,MA Chidambaram Stadium,Rajasthan Royals,field,Chennai Super Kings
1175368,2019-04-01,2019,Punjab Kings,Delhi Capitals,Punjab Cricket Association IS Bindra Stadium,Delhi Capitals,field,Punjab Kings
1175369,2019-04-02,2019,Royal Challengers Bengaluru,Rajasthan Royals,Sawai Mansingh Stadium,Rajasthan Royals,field,Rajasthan Royals
1175370,2019-04-03,2019,Mumbai Indians,Chennai Super Kings,Wankhede Stadium,Chennai Super Kings,field,Mumbai Indians
1175371,2019-04-04,2019,Delhi Capitals,Sunrisers Hyderabad,Arun Jaitley Stadium,Sunrisers Hyderabad,field,Sunrisers Hyderabad
1175372,2019-04-05,2019,Royal Challengers Bengaluru,Kolkata Knight Riders,M.Chinnaswamy Stadium,Kolkata Knight Riders,field,Kolkata Knight Riders
1178393,2019-04-06,2019,Chennai Super Kings,Punjab Kings,MA Chidambaram Stadium,Chennai Super Kings,bat,Chennai Super Kings
1178394,2019-04-06,2019,Mumbai Indians,Sunrisers Hyderabad,Rajiv Gandhi International Stadium,Sunrisers Hyderabad,field,Mumbai Indians
1178395,2019-04-07,2019,Royal Challengers Bengaluru,Delhi Capitals,M.Chinnaswamy Stadium,Delhi Capitals,field,Delhi Capitals
1178396,2019-04-07,2019,Rajasthan Royals,Kolkata Knight Riders,Sawai Mansingh Stadium,Kolkata Knight Riders,field,Kolkata Knight Riders
1178397,2019-04-08,2019,Sunrisers Hyderabad,Punjab Kings,Punjab Cricket Association IS Bindra Stadium,Punjab Kings,field,Punjab Kings
1178398,2019-04-09,2019,Kolkata Knight Riders,Chennai Super Kings,MA Chidambaram Stadium,Chennai Super Kings,field,Chennai Super Kings
1178399,2019-04-10,2019,Punjab Kings,Mumbai Indians,Wankhede Stadium,Mumbai Indians,field,Mumbai Indians
1178400,2019-04-11,2019,Rajasthan Royals,Chennai Super Kings,Sawai Mansingh Stadium,Chennai Super Kings,field,Chennai Super Kings
1178401,2019-04-12,2019,Kolkata Knight Riders,Delhi Capitals,Eden Gardens,Delhi Capitals,field,Delhi Capitals
1178402,2019-04-13,2019,Mumbai Indians,Rajasthan Royals,Wankhede Stadium,Rajasthan Royals,field,Rajasthan Royals
1178403,2019-04-13,2019,Punjab Kings,Royal Challengers Bengaluru,Punjab Cricket Association IS Bindra Stadium,Royal Challengers Bengaluru,field,Royal Challengers Bengaluru
1178404,2019-04-14,2019,Kolkata Knight Riders,Chennai Super Kings,Eden Gardens,Chennai Super Kings,field,Chennai Super Kings
1178405,2019-04-14,2019,Delhi Capitals,Sunrisers Hyderabad,Rajiv Gandhi International Stadium,Sunrisers Hyderabad,field,Delhi Capitals
1178406,2019-04-15,2019,Royal Challengers Bengaluru,Mumbai Indians,Wankhede Stadium,Mumbai Indians,field,Mumbai Indians
1178407,2019-04-16,2019,Punjab Kings,Rajasthan Royals,Punjab Cricket Association IS Bindra Stadium,Rajasthan Royals,field,Punjab Kings
1178408,2019-04-17,2019,Chennai Super Kings,Sunrisers Hyderabad,Rajiv Gandhi International Stadium,Chennai Super Kings,bat,Sunrisers Hyderabad
1178409,2019-04-18,2019,Mumbai Indians,Delhi Capitals,Arun Jaitley Stadium,Mumbai Indians,bat,Mumbai Indians
1178410,2019-04-19,2019,Royal Challengers Bengaluru,Kolkata Knight Riders,Eden Gardens,Kolkata Knight Riders,field,Royal Challengers Bengaluru
1178411,2019-04-20,2019,Mumbai Indians,Rajasthan Royals,Sawai Mansingh Stadium,Rajasthan Royals,field,Rajasthan Royals
1178412,2019-04-20,2019,Punjab Kings,Delhi Capitals,Arun Jaitley Stadium,Delhi Capitals,field,Delhi Capitals
1178413,2019-04-21,2019,Kolkata Knight Riders,Sunrisers Hyderabad,Rajiv Gandhi International Stadium,Sunrisers Hyderabad,field,Sunrisers Hyderabad
1178414,2019-04-21,2019,Royal Challengers Bengaluru,Chennai Super Kings,M.Chinnaswamy Stadium,Chennai Super Kings,field,Royal Challengers Bengaluru
1178415,2019-04-22,2019,Rajasthan Royals,Delhi Capitals,Sawai Mansingh Stadium,Delhi Capitals,field,Delhi Capitals
1178416,2019-04-23,2019,Sunrisers Hyderabad,Chennai Super Kings,MA Chidambaram Stadium,Chennai Super Kings,field,Chennai Super Kings
1178417,2019-04-24,2019,Royal Challengers Bengaluru,Punjab Kings,M.Chinnaswamy Stadium,Punjab Kings,field,Royal Challengers Bengaluru
1178418,2019-04-25,2019,Kolkata Knight Riders,Rajasthan Royals,Eden Gardens,Rajasthan Royals,field,Rajasthan Royals
1178419,2019-04-26,2019,Mumbai Indians,Chennai Super Kings,MA Chidambaram Stadium,Chennai Super Kings,field,Mumbai Indians
1178420,2019-04-27,2019,Sunrisers Hyderabad,Rajasthan Royals,Sawai Mansingh Stadium,Rajasthan Royals,field,Rajasthan Royals
1178421,2019-04-28,2019,Delhi Capitals,Royal Challengers Bengaluru,Arun Jaitley Stadium,Delhi Capitals,bat,Delhi Capitals
1178422,2019-04-28,2019,Kolkata Knight Riders,Mumbai Indians,Eden Gardens,Mumbai Indians,field,Kolkata Knight Riders
1178423,2019-04-29,2019,Sunrisers Hyderabad,Punjab Kings,Rajiv Gandhi International Stadium,Punjab Kings,field,Sunrisers Hyderabad
1178425,2019-05-01,2019,Chennai Super Kings,Delhi Capitals,MA Chidambaram Stadium,Delhi Capitals,field,Chennai Super Kings
1178426,2019-05-02,2019,Mumbai Indians,Sunrisers Hyderabad,Wankhede Stadium,Mumbai Indians,bat,Mumbai Indians
1178427,2019-05-03,2019,Punjab Kings,Kolkata Knight Riders,Punjab Cricket Association IS Bindra Stadium,Kolkata Knight Riders,field,Kolkata Knight Riders
1178428,2019-05-04,2019,Rajasthan Royals,Delhi Capitals,Arun Jaitley Stadium,Rajasthan Royals,bat,Delhi Capitals
1178429,2019-05-04,2019,Sunrisers Hyderabad,Royal Challengers Bengaluru,M.Chinnaswamy Stadium,Royal Challengers Bengaluru,field,Royal Challengers Bengaluru
1178430,2019-05-05,2019,Chennai Super Kings,Punjab Kings,Punjab Cricket Association IS Bindra Stadium,Punjab Kings,field,Punjab Kings
1178431,2019-05-05,2019,Kolkata Knight Riders,Mumbai Indians,Wankhede Stadium,Mumbai Indians,field,Mumbai Indians
1181764,2019-05-07,2019,Chennai Super Kings,Mumbai Indians,MA Chidambaram Stadium,Chennai Super Kings,bat,Mumbai Indians
1181766,2019-05-08,2019,Sunrisers Hyderabad,Delhi Capitals,Dr. Y.S. Rajasekhara Reddy ACA-VDCA Cricket Stadium,Delhi Capitals,field,Delhi Capitals
1181767,2019-05-10,2019,Delhi Capitals,Chennai Super Kings,Dr. Y.S. Rajasekhara Reddy ACA-VDCA Cricket Stadium,Chennai Super Kings,field,Chennai Super Kings
1181768,2019-05-12,2019,Mumbai Indians,Chennai Super Kings,Rajiv Gandhi International Stadium,Mumbai Indians,bat,Mumbai Indians
1216492,2020-09-19,2020,Mumbai Indians,Chennai Super Kings,Sheikh Zayed Stadium,Chennai Super Kings,field,Chennai Super Kings
1216493,2020-09-20,2020,Delhi Capitals,Punjab Kings,Dubai International Cricket Stadium,Punjab Kings,field,Delhi Capitals
1216534,2020-09-21,2020,Royal Challengers Bengaluru,Sunrisers Hyderabad,Dubai International Cricket Stadium,Sunrisers Hyderabad,field,Royal Challengers Bengaluru
1216496,2020-09-22,2020,Rajasthan Royals,Chennai Super Kings,Sharjah Cricket Stadium,Chennai Super Kings,field,Rajasthan Royals
1216508,2020-09-23,2020,Mumbai Indians,Kolkata Knight Riders,Sheikh Zayed Stadium,Kolkata Knight Riders,field,Mumbai Indians
1216510,2020-09-24,2020,Punjab Kings,Royal Challengers Bengaluru,Dubai International Cricket Stadium,Royal Challengers Bengaluru,field,Punjab Kings
1216539,2020-09-25,2020,Delhi Capitals,Chennai Super Kings,Dubai International Cricket Stadium,Chennai Super Kings,field,Delhi Capitals
1216545,2020-09-26,2020,Sunrisers Hyderabad,Kolkata Knight Riders,Sheikh Zayed Stadium,Sunrisers Hyderabad,bat,Kolkata Knight Riders
1216527,2020-09-27,2020,Punjab Kings,Rajasthan Royals,Sharjah Cricket Stadium,Rajasthan Royals,field,Rajasthan Royals
1216547,2020-09-28,2020,Royal Challengers Bengaluru,Mumbai Indians,Dubai International Cricket Stadium,Mumbai Indians,field,Royal Challengers Bengaluru
1216532,2020-09-29,2020,Sunrisers Hyderabad,Delhi Capitals,Sheikh Zayed Stadium,Delhi Capitals,field,Sunrisers Hyderabad
1216504,2020-09-30,2020,Kolkata Knight Riders,Rajasthan Royals,Dubai International Cricket Stadium,Rajasthan Royals,field,Kolkata Knight Riders
1216503,2020-10-01,2020,Mumbai Indians,Punjab Kings,Sheikh Zayed Stadium,Punjab Kings,field,Mumbai Indians
1216516,2020-10-02,2020,Sunrisers Hyderabad,Chennai Super Kings,Dubai International Cricket Stadium,Sunrisers Hyderabad,bat,Sunrisers Hyderabad
1216514,2020-10-03,2020,Rajasthan Royals,Royal Challengers Bengaluru,Sheikh Zayed Stadium,Rajasthan Royals,bat,Royal Challengers Bengaluru
1216515,2020-10-03,2020,Delhi Capitals,Kolkata Knight Riders,Sharjah Cricket Stadium,Kolkata Knight Riders,field,Delhi Capitals
1216513,2020-10-04,2020,Punjab Kings,Chennai Super Kings,Dubai International Cricket Stadium,Punjab Kings,bat,Chennai Super Kings
1216538,2020-10-04,2020,Mumbai Indians,Sunrisers Hyderabad,Sharjah Cricket Stadium,Mumbai Indians,bat,Mumbai Indians
1216519,2020-10-05,2020,Delhi Capitals,Royal Challengers Bengaluru,Dubai International Cricket Stadium,Royal Challengers Bengaluru,field,Delhi Capitals
1216511,2020-10-06,2020,Mumbai Indians,Rajasthan Royals,Sheikh Zayed Stadium,Mumbai Indians,bat,Mumbai Indians
1216501,2020-10-07,2020,Kolkata Knight Riders,Chennai Super Kings,Sheikh Zayed Stadium,Kolkata Knight Riders,bat,Kolkata Knight Riders
1216542,2020-10-08,2020,Sunrisers Hyderabad,Punjab Kings,Dubai International Cricket Stadium,Sunrisers Hyderabad,bat,Sunrisers Hyderabad
1216500,2020-10-09,2020,Delhi Capitals,Rajasthan Royals,Sharjah Cricket Stadium,Rajasthan Royals,field,Delhi Capitals
1216523,2020-10-10,2020,Kolkata Knight Riders,Punjab Kings,Sheikh Zayed Stadium,Kolkata Knight Riders,bat,Kolkata Knight Riders
1216525,2020-10-10,2020,Royal Challengers Bengaluru,Chennai Super Kings,Dubai International Cricket Stadium,Royal Challengers Bengaluru,bat,Royal Challengers Bengaluru
1216507,2020-10-11,2020,Sunrisers Hyderabad,Rajasthan Royals,Dubai International Cricket Stadium,Sunrisers Hyderabad,bat,Rajasthan Royals
1216529,2020-10-11,2020,Delhi Capitals,Mumbai Indians,Sheikh Zayed Stadium,Delhi Capitals,bat,Mumbai Indians
1216540,2020-10-12,2020,Royal Challengers Bengaluru,Kolkata Knight Riders,Sharjah Cricket Stadium,Royal Challengers Bengaluru,bat,Royal Challengers Bengaluru
1216528,2020-10-13,2020,Chennai Super Kings,Sunrisers Hyderabad,Dubai International Cricket Stadium,Chennai Super Kings,bat,Chennai Super Kings
1216543,2020-10-14,2020,Delhi Capitals,Rajasthan Royals,Dubai International Cricket Stadium,Delhi Capitals,bat,Delhi Capitals
1216531,2020-10-15,2020,Royal Challengers Bengaluru,Punjab Kings,Sharjah Cricket Stadium,Royal Challengers Bengaluru,bat,Punjab Kings
1216526,2020-10-16,2020,Kolkata Knight Riders,Mumbai Indians,Sheikh Zayed Stadium,Kolkata Knight Riders,bat,Mumbai Indians
1216509,2020-10-17,2020,Chennai Super Kings,Delhi Capitals,Sharjah Cricket Stadium,Chennai Super Kings,bat,Delhi Capitals
1216522,2020-10-17,2020,Rajasthan Royals,Royal Challengers Bengaluru,Dubai International Cricket Stadium,Rajasthan Royals,bat,Royal Challengers Bengaluru
1216512,2020-10-18,2020,Kolkata Knight Riders,Sunrisers Hyderabad,Sheikh Zayed Stadium,Sunrisers Hyderabad,field,Kolkata Knight Riders
1216517,2020-10-18,2020,Mumbai Indians,Punjab Kings,Dubai International Cricket Stadium,Mumbai Indians,bat,Punjab Kings
1216533,2020-10-19,2020,Chennai Super Kings,Rajasthan Royals,Sheikh Zayed Stadium,Chennai Super Kings,bat,Rajasthan Royals
1216546,2020-10-20,2020,Delhi Capitals,Punjab Kings,Dubai International Cricket Stadium,Delhi Capitals,bat,Punjab Kings
1216494,2020-10-21,2020,Kolkata Knight Riders,Royal Challengers Bengaluru,Sheikh Zayed Stadium,Kolkata Knight Riders,bat,Royal Challengers Bengaluru
1216518,2020-10-22,2020,Rajasthan Royals,Sunrisers Hyderabad,Dubai International Cricket Stadium,Sunrisers Hyderabad,field,Sunrisers Hyderabad
1216521,2020-10-23,2020,Chennai Super Kings,Mumbai Indians,Sharjah Cricket Stadium,Mumbai Indians,field,Mumbai Indians
1216497,2020-10-24,2020,Kolkata Knight Riders,Delhi Capitals,Sheikh Zayed Stadium,Delhi Capitals,field,Kolkata Knight Riders
1216498,2020-10-24,2020,Punjab Kings,Sunrisers Hyderabad,Dubai International Cricket Stadium,Sunrisers Hyderabad,field,Punjab Kings
1216541,2020-10-25,2020,Mumbai Indians,Rajasthan Royals,Sheikh Zayed Stadium,Mumbai Indians,bat,Rajasthan Royals
1216544,2020-10-25,2020,Royal Challengers Bengaluru,Chennai Super Kings,Dubai International Cricket Stadium,Royal Challengers Bengaluru,bat,Chennai Super Kings
1216520,2020-10-26,2020,Kolkata Knight Riders,Punjab Kings,Sharjah Cricket Stadium,Punjab Kings,field,Punjab Kings
1216524,2020-10-27,2020,Sunrisers Hyderabad,Delhi Capitals,Dubai International Cricket Stadium,Delhi Capitals,field,Sunrisers Hyderabad
1216499,2020-10-28,2020,Royal Challengers Bengaluru,Mumbai Indians,Sheikh Zayed Stadium,Mumbai Indians,field,Mumbai Indians
1216536,2020-10-29,2020,Kolkata Knight Riders,Chennai Super Kings,Dubai International Cricket Stadium,Chennai Super Kings,field,Chennai Super Kings
1216537,2020-10-30,2020,Punjab Kings,Rajasthan Royals,Sheikh Zayed Stadium,Rajasthan Royals,field,Rajasthan Royals
1216502,2020-10-31,2020,Royal Challengers Bengaluru,Sunrisers Hyderabad,Sharjah Cricket Stadium,Sunrisers Hyderabad,field,Sunrisers Hyderabad
1216535,2020-10-31,2020,Delhi Capitals,Mumbai Indians,Dubai International Cricket Stadium,Mumbai Indians,field,Mumbai Indians
1216506,2020-11-01,2020,Punjab Kings,Chennai Super Kings,Sheikh Zayed Stadium,Chennai Super Kings,field,Chennai Super Kings
1216530,2020-11-01,2020,Kolkata Knight Riders,Rajasthan Royals,Dubai International Cricket Stadium,Rajasthan Royals,field,Kolkata Knight Riders
1216505,2020-11-02,2020,Royal Challengers Bengaluru,Delhi Capitals,Sheikh Zayed Stadium,Delhi Capitals,field,Delhi Capitals
1216495,2020-11-03,2020,Mumbai Indians,Sunrisers Hyderabad,Sharjah Cricket Stadium,Sunrisers Hyderabad,field,Sunrisers Hyderabad
1237177,2020-11-05,2020,Mumbai Indians,Delhi Capitals,Dubai International Cricket Stadium,Delhi Capitals,field,Mumbai Indians
1237178,2020-11-06,2020,Royal Challengers Bengaluru,Sunrisers Hyderabad,Sheikh Zayed Stadium,Sunrisers Hyderabad,field,Sunrisers Hyderabad
1237180,2020-11-08,2020,Delhi Capitals,Sunrisers Hyderabad,Sheikh Zayed Stadium,Delhi Capitals,bat,Delhi Capitals
1237181,2020-11-10,2020,Delhi Capitals,Mumbai Indians,Dubai International Cricket Stadium,Delhi Capitals,bat,Mumbai Indians
1254058,2021-04-09,2021,Mumbai Indians,Royal Challengers Bengaluru,"MA Chidambaram Stadium, Chepauk, Chennai",Royal Challengers Bengaluru,field,Royal Challengers Bengaluru
1254059,2021-04-10,2021,Chennai Super Kings,Delhi Capitals,"Wankhede Stadium, Mumbai",Delhi Capitals,field,Delhi Capitals
1254060,2021-04-11,2021,Kolkata Knight Riders,Sunrisers Hyderabad,"MA Chidambaram Stadium, Chepauk, Chennai",Sunrisers Hyderabad,field,Kolkata Knight Riders
1254061,2021-04-12,2021,Punjab Kings,Rajasthan Royals,"Wankhede Stadium, Mumbai",Rajasthan Royals,field,Punjab Kings
1254062,2021-04-13,2021,Mumbai Indians,Kolkata Knight Riders,"MA Chidambaram Stadium, Chepauk, Chennai",Kolkata Knight Riders,field,Mumbai Indians
1254063,2021-04-14,2021,Royal Challengers Bengaluru,Sunrisers Hyderabad,"MA Chidambaram Stadium, Chepauk, Chennai",Sunrisers Hyderabad,field,Royal Challengers Bengaluru
1254064,2021-04-15,2021,Delhi Capitals,Rajasthan Royals,"Wankhede Stadium, Mumbai",Rajasthan Royals,field,Rajasthan Royals
1254065,2021-04-16,2021,Punjab Kings,Chennai Super Kings,"Wankhede Stadium, Mumbai",Chennai Super Kings,field,Chennai Super Kings
1254066,2021-04-17,2021,Mumbai Indians,Sunrisers Hyderabad,"MA Chidambaram Stadium, Chepauk, Chennai",Mumbai Indians,bat,Mumbai Indians
1254067,2021-04-18,2021,Royal Challengers Bengaluru,Kolkata Knight Riders,"MA Chidambaram Stadium, Chepauk, Chennai",Royal Challengers Bengaluru,bat,Royal Challengers Bengaluru
1254068,2021-04-18,2021,Punjab Kings,Delhi Capitals,"Wankhede Stadium, Mumbai",Delhi Capitals,field,Delhi Capitals
1254069,2021-04-19,2021,Chennai Super Kings,Rajasthan Royals,"Wankhede Stadium, Mumbai",Rajasthan Royals,field,Chennai Super Kings
1254070,2021-04-20,2021,Mumbai Indians,Delhi Capitals,"MA Chidambaram Stadium, Chepauk, Chennai",Mumbai Indians,bat,Delhi Capitals
1254071,2021-04-21,2021,Punjab Kings,Sunrisers Hyderabad,"MA Chidambaram Stadium, Chepauk, Chennai",Punjab Kings,bat,Sunrisers Hyderabad
1254072,2021-04-21,2021,Chennai Super Kings,Kolkata Knight Riders,"Wankhede Stadium, Mumbai",Kolkata Knight Riders,field,Chennai Super Kings
1254073,2021-04-22,2021,Rajasthan Royals,Royal Challengers Bengaluru,"Wankhede Stadium, Mumbai",Royal Challengers Bengaluru,field,Royal Challengers Bengaluru
1254074,2021-04-23,2021,Mumbai Indians,Punjab Kings,"MA Chidambaram Stadium, Chepauk, Chennai",Punjab Kings,field,Punjab Kings
1254075,2021-04-24,2021,Kolkata Knight Riders,Rajasthan Royals,"Wankhede Stadium, Mumbai",Rajasthan Royals,field,Rajasthan Royals
1254076,2021-04-25,2021,Chennai Super Kings,Royal Challengers Bengaluru,"Wankhede Stadium, Mumbai",Chennai Super Kings,bat,Chennai Super Kings
1254077,2021-04-25,2021,Delhi Capitals,Sunrisers Hyderabad,"MA Chidambaram Stadium, Chepauk, Chennai",Delhi Capitals,bat,Delhi Capitals
1254078,2021-04-26,2021,Punjab Kings,Kolkata Knight Riders,"Narendra Modi Stadium, Ahmedabad",Kolkata Knight Riders,field,Kolkata Knight Riders
1254079,2021-04-27,2021,Royal Challengers Bengaluru,Delhi Capitals,"Narendra Modi Stadium, Ahmedabad",Delhi Capitals,field,Royal Challengers Bengaluru
1254080,2021-04-28,2021,Sunrisers Hyderabad,Chennai Super Kings,"Arun Jaitley Stadium, Delhi",Sunrisers Hyderabad,bat,Chennai Super Kings
1254081,2021-04-29,2021,Rajasthan Royals,Mumbai Indians,"Arun Jaitley Stadium, Delhi",Mumbai Indians,field,Mumbai Indians
1254082,2021-04-29,2021,Kolkata Knight Riders,Delhi Capitals,"Narendra Modi Stadium, Ahmedabad",Delhi Capitals,field,Delhi Capitals
1254083,2021-04-30,2021,Punjab Kings,Royal Challengers Bengaluru,"Narendra Modi Stadium, Ahmedabad",Royal Challengers Bengaluru,field,Punjab Kings
1254084,2021-05-01,2021,Chennai Super Kings,Mumbai Indians,"Arun Jaitley Stadium, Delhi",Mumbai Indians,field,Mumbai Indians
1254085,2021-05-02,2021,Rajasthan Royals,Sunrisers Hyderabad,"Arun Jaitley Stadium, Delhi",Sunrisers Hyderabad,field,Rajasthan Royals
1254086,2021-05-02,2021,Punjab Kings,Delhi Capitals,"Narendra Modi Stadium, Ahmedabad",Delhi Capitals,field,Delhi Capitals
1254104,2021-09-19,2021,Chennai Super Kings,Mumbai Indians,Dubai International Cricket Stadium,Chennai Super Kings,bat,Chennai Super Kings
1254087,2021-09-20,2021,Royal Challengers Bengaluru,Kolkata Knight Riders,"Zayed Cricket Stadium, Abu Dhabi",Royal Challengers Bengaluru,bat,Kolkata Knight Riders
1254111,2021-09-21,2021,Rajasthan Royals,Punjab Kings,Dubai International Cricket Stadium,Punjab Kings,field,Rajasthan Royals
1254105,2021-09-22,2021,Sunrisers Hyderabad,Delhi Capitals,Dubai International Cricket Stadium,Sunrisers Hyderabad,bat,Delhi Capitals
1254096,2021-09-23,2021,Mumbai Indians,Kolkata Knight Riders,"Zayed Cricket Stadium, Abu Dhabi",Kolkata Knight Riders,field,Kolkata Knight Riders
1254113,2021-09-24,2021,Royal Challengers Bengaluru,Chennai Super Kings,Sharjah Cricket Stadium,Chennai Super Kings,field,Chennai Super Kings
1254097,2021-09-25,2021,Delhi Capitals,Rajasthan Royals,"Zayed Cricket Stadium, Abu Dhabi",Rajasthan Royals,field,Delhi Capitals
1254107,2021-09-25,2021,Punjab Kings,Sunrisers Hyderabad,Sharjah Cricket Stadium,Sunrisers Hyderabad,field,Punjab Kings
1254098,2021-09-26,2021,Kolkata Knight Riders,Chennai Super Kings,"Zayed Cricket Stadium, Abu Dhabi",Kolkata Knight Riders,bat,Chennai Super Kings
1254108,2021-09-26,2021,Royal Challengers Bengaluru,Mumbai Indians,Dubai International Cricket Stadium,Mumbai Indians,field,Royal Challengers Bengaluru
1254100,2021-09-27,2021,Rajasthan Royals,Sunrisers Hyderabad,Dubai International Cricket Stadium,Rajasthan Royals,bat,Sunrisers Hyderabad
1254092,2021-09-28,2021,Delhi Capitals,Kolkata Knight Riders,Sharjah Cricket Stadium,Kolkata Knight Riders,field,Kolkata Knight Riders
1254099,2021-09-28,2021,Punjab Kings,Mumbai Indians,"Zayed Cricket Stadium, Abu Dhabi",Mumbai Indians,field,Mumbai Indians
1254103,2021-09-29,2021,Rajasthan Royals,Royal Challengers Bengaluru,Dubai International Cricket Stadium,Royal Challengers Bengaluru,field,Royal Challengers Bengaluru
1254091,2021-09-30,2021,Sunrisers Hyderabad,Chennai Super Kings,Sharjah Cricket Stadium,Chennai Super Kings,field,Chennai Super Kings
1254102,2021-10-01,2021,Kolkata Knight Riders,Punjab Kings,Dubai International Cricket Stadium,Punjab Kings,field,Punjab Kings
1254089,2021-10-02,2021,Chennai Super Kings,Rajasthan Royals,"Zayed Cricket Stadium, Abu Dhabi",Rajasthan Royals,field,Rajasthan Royals
1254112,2021-10-02,2021,Mumbai Indians,Delhi Capitals,Sharjah Cricket Stadium,Delhi Capitals,field,Delhi Capitals
1254090,2021-10-03,2021,Royal Challengers Bengaluru,Punjab Kings,Sharjah Cricket Stadium,Royal Challengers Bengaluru,bat,Royal Challengers Bengaluru
1254109,2021-10-03,2021,Sunrisers Hyderabad,Kolkata Knight Riders,Dubai International Cricket Stadium,Sunrisers Hyderabad,bat,Kolkata Knight Riders
1254110,2021-10-04,2021,Chennai Super Kings,Delhi Capitals,Dubai International Cricket Stadium,Delhi Capitals,field,Delhi Capitals
1254093,2021-10-05,2021,Rajasthan Royals,Mumbai Indians,Sharjah Cricket Stadium,Mumbai Indians,field,Mumbai Indians
1254095,2021-10-06,2021,Sunrisers Hyderabad,Royal Challengers Bengaluru,"Zayed Cricket Stadium, Abu Dhabi",Royal Challengers Bengaluru,field,Sunrisers Hyderabad
1254094,2021-10-07,2021,Chennai Super Kings,Punjab Kings,Dubai International Cricket Stadium,Punjab Kings,field,Punjab Kings
1254106,2021-10-07,2021,Kolkata Knight Riders,Rajasthan Royals,Sharjah Cricket Stadium,Rajasthan Royals,field,Kolkata Knight Riders
1254088,2021-10-08,2021,Mumbai Indians,Sunrisers Hyderabad,"Zayed Cricket Stadium, Abu Dhabi",Mumbai Indians,bat,Mumbai Indians
1254101,2021-10-08,2021,Delhi Capitals,Royal Challengers Bengaluru,Dubai International Cricket Stadium,Royal Challengers Bengaluru,field,Royal Challengers Bengaluru
1254114,2021-10-10,2021,Delhi Capitals,Chennai Super Kings,Dubai International Cricket Stadium,Chennai Super Kings,field,Chennai Super Kings
1254115,2021-10-11,2021,Royal Challengers Bengaluru,Kolkata Knight Riders,Sharjah Cricket Stadium,Royal Challengers Bengaluru,bat,Kolkata Knight Riders
1254116,2021-10-13,2021,Delhi Capitals,Kolkata Knight Riders,Sharjah Cricket Stadium,Kolkata Knight Riders,field,Kolkata Knight Riders
1254117,2021-10-15,2021,Chennai Super Kings,Kolkata Knight Riders,Dubai International Cricket Stadium,Kolkata Knight Riders,field,Chennai Super Kings
1304047,2022-03-26,2022,Chennai Super Kings,Kolkata Knight Riders,"Wankhede Stadium, Mumbai",Kolkata Knight Riders,field,Kolkata Knight Riders
1304048,2022-03-27,2022,Mumbai Indians,Delhi Capitals,"Brabourne Stadium, Mumbai",Delhi Capitals,field,Delhi Capitals
1304049,2022-03-27,2022,Royal Challengers Bengaluru,Punjab Kings,"Dr DY Patil Sports Academy, Mumbai",Punjab Kings,field,Punjab Kings
1304050,2022-03-28,2022,Lucknow Super Giants,Gujarat Titans,"Wankhede Stadium, Mumbai",Gujarat Titans,field,Gujarat Titans
1304051,2022-03-29,2022,Rajasthan Royals,Sunrisers Hyderabad,"Maharashtra Cricket Association Stadium, Pune",Sunrisers Hyderabad,field,Rajasthan Royals
1304052,2022-03-30,2022,Kolkata Knight Riders,Royal Challengers Bengaluru,"Dr DY Patil Sports Academy, Mumbai",Royal Challengers Bengaluru,field,Royal Challengers Bengaluru
1304053,2022-03-31,2022,Chennai Super Kings,Lucknow Super Giants,"Brabourne Stadium, Mumbai",Lucknow Super Giants,field,Lucknow Super Giants
1304054,2022-04-01,2022,Punjab Kings,Kolkata Knight Riders,"Wankhede Stadium, Mumbai",Kolkata Knight Riders,field,Kolkata Knight Riders
1304055,2022-04-02,2022,Rajasthan Royals,Mumbai Indians,"Dr DY Patil Sports Academy, Mumbai",Mumbai Indians,field,Rajasthan Royals
1304056,2022-04-02,2022,Gujarat Titans,Delhi Capitals,"Maharashtra Cricket Association Stadium, Pune",Delhi Capitals,field,Gujarat Titans
1304057,2022-04-03,2022,Punjab Kings,Chennai Super Kings,"Brabourne Stadium, Mumbai",Chennai Super Kings,field,Punjab Kings
1304058,2022-04-04,2022,Lucknow Super Giants,Sunrisers Hyderabad,"Dr DY Patil Sports Academy, Mumbai",Sunrisers Hyderabad,field,Lucknow Super Giants
1304059,2022-04-05,2022,Rajasthan Royals,Royal Challengers Bengaluru,"Wankhede Stadium, Mumbai",Royal Challengers Bengaluru,field,Royal Challengers Bengaluru
1304060,2022-04-06,2022,Mumbai Indians,Kolkata Knight Riders,"Maharashtra Cricket Association Stadium, Pune",Kolkata Knight Riders,field,Kolkata Knight Riders
1304061,2022-04-07,2022,Delhi Capitals,Lucknow Super Giants,"Dr DY Patil Sports Academy, Mumbai",Lucknow Super Giants,field,Lucknow Super Giants
1304062,2022-04-08,2022,Punjab Kings,Gujarat Titans,"Brabourne Stadium, Mumbai",Gujarat Titans,field,Gujarat Titans
1304063,2022-04-09,2022,Chennai Super Kings,Sunrisers Hyderabad,"Dr DY Patil Sports Academy, Mumbai",Sunrisers Hyderabad,field,Sunrisers Hyderabad
1304064,2022-04-09,2022,Mumbai Indians,Royal Challengers Bengaluru,"Maharashtra Cricket Association Stadium, Pune",Royal Challengers Bengaluru,field,Royal Challengers Bengaluru
1304065,2022-04-10,2022,Delhi Capitals,Kolkata Knight Riders,"Brabourne Stadium, Mumbai",Kolkata Knight Riders,field,Delhi Capitals
1304066,2022-04-10,2022,Rajasthan Royals,Lucknow Super Giants,"Wankhede Stadium, Mumbai",Lucknow Super Giants,field,Rajasthan Royals
1304067,2022-04-11,2022,Gujarat Titans,Sunrisers Hyderabad,"Dr DY Patil Sports Academy, Mumbai",Sunrisers Hyderabad,field,Sunrisers Hyderabad
1304068,2022-04-12,2022,Chennai Super Kings,Royal Challengers Bengaluru,"Dr DY Patil Sports Academy, Mumbai",Royal Challengers Bengaluru,field,Chennai Super Kings
1304069,2022-04-13,2022,Punjab Kings,Mumbai Indians,"Maharashtra Cricket Association Stadium, Pune",Mumbai Indians,field,Punjab Kings
1304070,2022-04-14,2022,Gujarat Titans,Rajasthan Royals,"Dr DY Patil Sports Academy, Mumbai",Rajasthan Royals,field,Gujarat Titans
1304071,2022-04-15,2022,Kolkata Knight Riders,Sunrisers Hyderabad,"Brabourne Stadium, Mumbai",Sunrisers Hyderabad,field,Sunrisers Hyderabad
1304072,2022-04-16,2022,Lucknow Super Giants,Mumbai Indians,"Brabourne Stadium, Mumbai",Mumbai Indians,field,Lucknow Super Giants
1304073,2022-04-16,2022,Royal Challengers Bengaluru,Delhi Capitals,"Wankhede Stadium, Mumbai",Delhi Capitals,field,Royal Challengers Bengaluru
1304074,2022-04-17,2022,Punjab Kings,Sunrisers Hyderabad,"Dr DY Patil Sports Academy, Mumbai",Sunrisers Hyderabad,field,Sunrisers Hyderabad
1304075,2022-04-17,2022,Chennai Super Kings,Gujarat Titans,"Maharashtra Cricket Association Stadium, Pune",Gujarat Titans,field,Gujarat Titans
1304076,2022-04-18,2022,Rajasthan Royals,Kolkata Knight Riders,"Brabourne Stadium, Mumbai",Kolkata Knight Riders,field,Rajasthan Royals
1304077,2022-04-19,2022,Royal Challengers Bengaluru,Lucknow Super Giants,"Dr DY Patil Sports Academy, Mumbai",Lucknow Super Giants,field,Royal Challengers Bengaluru
1304078,2022-04-20,2022,Punjab Kings,Delhi Capitals,"Brabourne Stadium, Mumbai",Delhi Capitals,field,Delhi Capitals
1304079,2022-04-21,2022,Mumbai Indians,Chennai Super Kings,"Dr DY Patil Sports Academy, Mumbai",Chennai Super Kings,field,Chennai Super Kings
1304080,2022-04-22,2022,Rajasthan Royals,Delhi Capitals,"Wankhede Stadium, Mumbai",Delhi Capitals,field,Rajasthan Royals
1304081,2022-04-23,2022,Gujarat Titans,Kolkata Knight Riders,"Dr DY Patil Sports Academy, Mumbai",Gujarat Titans,bat,Gujarat Titans
1304082,2022-04-23,2022,Royal Challengers Bengaluru,Sunrisers Hyderabad,"Brabourne Stadium, Mumbai",Sunrisers Hyderabad,field,Sunrisers Hyderabad
1304083,2022-04-24,2022,Lucknow Super Giants,Mumbai Indians,"Wankhede Stadium, Mumbai",Mumbai Indians,field,Lucknow Super Giants
1304084,2022-04-25,2022,Punjab Kings,Chennai Super Kings,"Wankhede Stadium, Mumbai",Chennai Super Kings,field,Punjab Kings
1304085,2022-04-26,2022,Rajasthan Royals,Royal Challengers Bengaluru,"Maharashtra Cricket Association Stadium, Pune",Royal Challengers Bengaluru,field,Rajasthan Royals
1304086,2022-04-27,2022,Sunrisers Hyderabad,Gujarat Titans,"Wankhede Stadium, Mumbai",Gujarat Titans,field,Gujarat Titans
1304087,2022-04-28,2022,Kolkata Knight Riders,Delhi Capitals,"Wankhede Stadium, Mumbai",Delhi Capitals,field,Delhi Capitals
1304088,2022-04-29,2022,Lucknow Super Giants,Punjab Kings,"Maharashtra Cricket Association Stadium, Pune",Punjab Kings,field,Lucknow Super Giants
1304089,2022-04-30,2022,Royal Challengers Bengaluru,Gujarat Titans,"Brabourne Stadium, Mumbai",Royal Challengers Bengaluru,bat,Gujarat Titans
1304090,2022-04-30,2022,Rajasthan Royals,Mumbai Indians,"Dr DY Patil Sports Academy, Mumbai",Mumbai Indians,field,Mumbai Indians
1304091,2022-05-01,2022,Lucknow Super Giants,Delhi Capitals,"Wankhede Stadium, Mumbai",Lucknow Super Giants,bat,Lucknow Super Giants
1304092,2022-05-01,2022,Chennai Super Kings,Sunrisers Hyderabad,"Maharashtra Cricket Association Stadium, Pune",Sunrisers Hyderabad,field,Chennai Super Kings
1304093,2022-05-02,2022,Rajasthan Royals,Kolkata Knight Riders,"Wankhede Stadium, Mumbai",Kolkata Knight Riders,field,Kolkata Knight Riders
1304094,2022-05-03,2022,Gujarat Titans,Punjab Kings,"Dr DY Patil Sports Academy, Mumbai",Gujarat Titans,bat,Punjab Kings
1304095,2022-05-04,2022,Royal Challengers Bengaluru,Chennai Super Kings,"Maharashtra Cricket Association Stadium, Pune",Chennai Super Kings,field,Royal Challengers Bengaluru
1304096,2022-05-05,2022,Delhi Capitals,Sunrisers Hyderabad,"Brabourne Stadium, Mumbai",Sunrisers Hyderabad,field,Delhi Capitals
1304097,2022-05-06,2022,Mumbai Indians,Gujarat Titans,"Brabourne Stadium, Mumbai",Gujarat Titans,field,Mumbai Indians
1304098,2022-05-07,2022,Punjab Kings,Rajasthan Royals,"Wankhede Stadium, Mumbai",Punjab Kings,bat,Rajasthan Royals
1304099,2022-05-07,2022,Lucknow Super Giants,Kolkata Knight Riders,"Maharashtra Cricket Association Stadium, Pune",Kolkata Knight Riders,field,Lucknow Super Giants
1304100,2022-05-08,2022,Royal Challengers Bengaluru,Sunrisers Hyderabad,"Wankhede Stadium, Mumbai",Royal Challengers Bengaluru,bat,Royal Challengers Bengaluru
1304101,2022-05-08,2022,Chennai Super Kings,Delhi Capitals,"Dr DY Patil Sports Academy, Mumbai",Delhi Capitals,field,Chennai Super Kings
1304102,2022-05-09,2022,Kolkata Knight Riders,Mumbai Indians,"Dr DY Patil Sports Academy, Mumbai",Mumbai Indians,field,Kolkata Knight Riders
1304103,2022-05-10,2022,Gujarat Titans,Lucknow Super Giants,"Maharashtra Cricket Association Stadium, Pune",Gujarat Titans,bat,Gujarat Titans
1304104,2022-05-11,2022,Rajasthan Royals,Delhi Capitals,"Dr DY Patil Sports Academy, Mumbai",Delhi Capitals,field,Delhi Capitals
1304105,2022-05-12,2022,Chennai Super Kings,Mumbai Indians,"Wankhede Stadium, Mumbai",Mumbai Indians,field,Mumbai Indians
1304106,2022-05-13,2022,Punjab Kings,Royal Challengers Bengaluru,"Brabourne Stadium, Mumbai",Royal Challengers Bengaluru,field,Punjab Kings
1304107,2022-05-14,2022,Kolkata Knight Riders,Sunrisers Hyderabad,"Maharashtra Cricket Association Stadium, Pune",Kolkata Knight Riders,bat,Kolkata Knight Riders
1304108,2022-05-15,2022,Chennai Super Kings,Gujarat Titans,"Wankhede Stadium, Mumbai",Chennai Super Kings,bat,Gujarat Titans
1304109,2022-05-15,2022,Rajasthan Royals,Lucknow Super Giants,"Brabourne Stadium, Mumbai",Rajasthan Royals,bat,Rajasthan Royals
1304110,2022-05-16,2022,Delhi Capitals,Punjab Kings,"Dr DY Patil Sports Academy, Mumbai",Punjab Kings,field,Delhi Capitals
1304111,2022-05-17,2022,Sunrisers Hyderabad,Mumbai Indians,"Wankhede Stadium, Mumbai",Mumbai Indians,field,Sunrisers Hyderabad
1304112,2022-05-18,2022,Lucknow Super Giants,Kolkata Knight Riders,"Dr DY Patil Sports Academy, Mumbai",Lucknow Super Giants,bat,Lucknow Super Giants
1304113,2022-05-19,2022,Gujarat Titans,Royal Challengers Bengaluru,"Wankhede Stadium, Mumbai",Gujarat Titans,bat,Royal Challengers Bengaluru
1304114,2022-05-20,2022,Chennai Super Kings,Rajasthan Royals,"Brabourne Stadium, Mumbai",Chennai Super Kings,bat,Rajasthan Royals
1304115,2022-05-21,2022,Delhi Capitals,Mumbai Indians,"Wankhede Stadium, Mumbai",Mumbai Indians,field,Mumbai Indians
1304116,2022-05-22,2022,Sunrisers Hyderabad,Punjab Kings,"Wankhede Stadium, Mumbai",Sunrisers Hyderabad,bat,Punjab Kings
1312197,2022-05-24,2022,Rajasthan Royals,Gujarat Titans,"Eden Gardens, Kolkata",Gujarat Titans,field,Gujarat Titans
1312198,2022-05-25,2022,Royal Challengers Bengaluru,Lucknow Super Giants,"Eden Gardens, Kolkata",Lucknow Super Giants,field,Royal Challengers Bengaluru
1312199,2022-05-27,2022,Royal Challengers Bengaluru,Rajasthan Royals,"Narendra Modi Stadium, Ahmedabad",Rajasthan Royals,field,Rajasthan Royals
1312200,2022-05-29,2022,Rajasthan Royals,Gujarat Titans,"Narendra Modi Stadium, Ahmedabad",Rajasthan Royals,bat,Gujarat Titans
1359475,2023-03-31,2023,Chennai Super Kings,Gujarat Titans,"Narendra Modi Stadium, Ahmedabad",Gujarat Titans,field,Gujarat Titans
1359476,2023-04-01,2023,Punjab Kings,Kolkata Knight Riders,"Punjab Cricket Association IS Bindra Stadium, Mohali, Chandigarh",Kolkata Knight Riders,field,Punjab Kings
1359477,2023-04-01,2023,Lucknow Super Giants,Delhi Capitals,"Bharat Ratna Shri Atal Bihari Vajpayee Ekana Cricket Stadium, Lucknow",Delhi Capitals,field,Lucknow Super Giants
1359478,2023-04-02,2023,Rajasthan Royals,Sunrisers Hyderabad,"Rajiv Gandhi International Stadium, Uppal, Hyderabad",Sunrisers Hyderabad,field,Rajasthan Royals
1359479,2023-04-02,2023,Mumbai Indians,Royal Challengers Bengaluru,"M Chinnaswamy Stadium, Bengaluru",Royal Challengers Bengaluru,field,Royal Challengers Bengaluru
1359480,2023-04-03,2023,Chennai Super Kings,Lucknow Super Giants,"MA Chidambaram Stadium, Chepauk, Chennai",Lucknow Super Giants,field,Chennai Super Kings
1359481,2023-04-04,2023,Delhi Capitals,Gujarat Titans,"Arun Jaitley Stadium, Delhi",Gujarat Titans,field,Gujarat Titans
1359482,2023-04-05,2023,Punjab Kings,Rajasthan Royals,"Barsapara Cricket Stadium, Guwahati",Rajasthan Royals,field,Punjab Kings
1359483,2023-04-06,2023,Kolkata Knight Riders,Royal Challengers Bengaluru,"Eden Gardens, Kolkata",Royal Challengers Bengaluru,field,Kolkata Knight Riders
1359484,2023-04-07,2023,Sunrisers Hyderabad,Lucknow Super Giants,"Bharat Ratna Shri Atal Bihari Vajpayee Ekana Cricket Stadium, Lucknow",Sunrisers Hyderabad,bat,Lucknow Super Giants
1359485,2023-04-08,2023,Rajasthan Royals,Delhi Capitals,"Barsapara Cricket Stadium, Guwahati",Delhi Capitals,field,Rajasthan Royals
1359486,2023-04-08,2023,Mumbai Indians,Chennai Super Kings,"Wankhede Stadium, Mumbai",Chennai Super Kings,field,Chennai Super Kings
1359487,2023-04-09,2023,Gujarat Titans,Kolkata Knight Riders,"Narendra Modi Stadium, Ahmedabad",Gujarat Titans,bat,Kolkata Knight Riders
1359488,2023-04-09,2023,Punjab Kings,Sunrisers Hyderabad,"Rajiv Gandhi International Stadium, Uppal, Hyderabad",Sunrisers Hyderabad,field,Sunrisers Hyderabad
1359489,2023-04-10,2023,Royal Challengers Bengaluru,Lucknow Super Giants,"M Chinnaswamy Stadium, Bengaluru",Lucknow Super Giants,field,Lucknow Super Giants
1359490,2023-04-11,2023,Delhi Capitals,Mumbai Indians,"Arun Jaitley Stadium, Delhi",Mumbai Indians,field,Mumbai Indians
1359491,2023-04-12,2023,Rajasthan Royals,Chennai Super Kings,"MA Chidambaram Stadium, Chepauk, Chennai",Chennai Super Kings,field,Rajasthan Royals
1359492,2023-04-13,2023,Punjab Kings,Gujarat Titans,"Punjab Cricket Association IS Bindra Stadium, Mohali, Chandigarh",Gujarat Titans,field,Gujarat Titans
1359493,2023-04-14,2023,Sunrisers Hyderabad,Kolkata Knight Riders,"Eden Gardens, Kolkata",Kolkata Knight Riders,field,Sunrisers Hyderabad
1359494,2023-04-15,2023,Royal Challengers Bengaluru,Delhi Capitals,"M Chinnaswamy Stadium, Bengaluru",Delhi Capitals,field,Royal Challengers Bengaluru
1359495,2023-04-15,2023,Lucknow Super Giants,Punjab Kings,"Bharat Ratna Shri Atal Bihari Vajpayee Ekana Cricket Stadium, Lucknow",Punjab Kings,field,Punjab Kings
1359496,2023-04-16,2023,Kolkata Knight Riders,Mumbai Indians,"Wankhede Stadium, Mumbai",Mumbai Indians,field,Mumbai Indians
1359497,2023-04-16,2023,Gujarat Titans,Rajasthan Royals,"Narendra Modi Stadium, Ahmedabad",Rajasthan Royals,field,Rajasthan Royals
1359498,2023-04-17,2023,Chennai Super Kings,Royal Challengers Bengaluru,"M Chinnaswamy Stadium, Bengaluru",Royal Challengers Bengaluru,field,Chennai Super Kings
1359499,2023-04-18,2023,Mumbai Indians,Sunrisers Hyderabad,"Rajiv Gandhi International Stadium, Uppal, Hyderabad",Sunrisers Hyderabad,field,Mumbai Indians
1359500,2023-04-19,2023,Lucknow Super Giants,Rajasthan Royals,"Sawai Mansingh Stadium, Jaipur",Rajasthan Royals,field,Lucknow Super Giants
1359501,2023-04-20,2023,Royal Challengers Bengaluru,Punjab Kings,"Punjab Cricket Association IS Bindra Stadium, Mohali, Chandigarh",Punjab Kings,field,Royal Challengers Bengaluru
1359502,2023-04-20,2023,Kolkata Knight Riders,Delhi Capitals,"Arun Jaitley Stadium, Delhi",Delhi Capitals,field,Delhi Capitals
1359503,2023-04-21,2023,Sunrisers Hyderabad,Chennai Super Kings,"MA Chidambaram Stadium, Chepauk, Chennai",Chennai Super Kings,field,Chennai Super Kings
1359504,2023-04-22,2023,Gujarat Titans,Lucknow Super Giants,"Bharat Ratna Shri Atal Bihari Vajpayee Ekana Cricket Stadium, Lucknow",Gujarat Titans,bat,Gujarat Titans
1359505,2023-04-22,2023,Punjab Kings,Mumbai Indians,"Wankhede Stadium, Mumbai",Mumbai Indians,field,Punjab Kings
1359506,2023-04-23,2023,Royal Challengers Bengaluru,Rajasthan Royals,"M Chinnaswamy Stadium, Bengaluru",Rajasthan Royals,field,Royal Challengers Bengaluru
1359507,2023-04-23,2023,Chennai Super Kings,Kolkata Knight Riders,"Eden Gardens, Kolkata",Kolkata Knight Riders,field,Chennai Super Kings
1359508,2023-04-24,2023,Delhi Capitals,Sunrisers Hyderabad,"Rajiv Gandhi International Stadium, Uppal, Hyderabad",Delhi Capitals,bat,Delhi Capitals
1359509,2023-04-25,2023,Gujarat Titans,Mumbai Indians,"Narendra Modi Stadium, Ahmedabad",Mumbai Indians,field,Gujarat Titans
1359510,2023-04-26,2023,Kolkata Knight Riders,Royal Challengers Bengaluru,"M Chinnaswamy Stadium, Bengaluru",Royal Challengers Bengaluru,field,Kolkata Knight Riders
1359511,2023-04-27,2023,Rajasthan Royals,Chennai Super Kings,"Sawai Mansingh Stadium, Jaipur",Rajasthan Royals,bat,Rajasthan Royals
1359512,2023-04-28,2023,Lucknow Super Giants,Punjab Kings,"Punjab Cricket Association IS Bindra Stadium, Mohali, Chandigarh",Punjab Kings,field,Lucknow Super Giants
1359513,2023-04-29,2023,Kolkata Knight Riders,Gujarat Titans,"Eden Gardens, Kolkata",Gujarat Titans,field,Gujarat Titans
1359514,2023-04-29,2023,Sunrisers Hyderabad,Delhi Capitals,"Arun Jaitley Stadium, Delhi",Sunrisers Hyderabad,bat,Sunrisers Hyderabad
1359515,2023-04-30,2023,Chennai Super Kings,Punjab Kings,"MA Chidambaram Stadium, Chepauk, Chennai",Chennai Super Kings,bat,Punjab Kings
1359516,2023-04-30,2023,Rajasthan Royals,Mumbai Indians,"Wankhede Stadium, Mumbai",Rajasthan Royals,bat,Mumbai Indians
1359517,2023-05-01,2023,Royal Challengers Bengaluru,Lucknow Super Giants,"Bharat Ratna Shri Atal Bihari Vajpayee Ekana Cricket Stadium, Lucknow",Royal Challengers Bengaluru,bat,Royal Challengers Bengaluru
1359518,2023-05-02,2023,Delhi Capitals,Gujarat Titans,"Narendra Modi Stadium, Ahmedabad",Delhi Capitals,bat,Delhi Capitals
1359520,2023-05-03,2023,Punjab Kings,Mumbai Indians,"Punjab Cricket Association IS Bindra Stadium, Mohali, Chandigarh",Mumbai Indians,field,Mumbai Indians
1359521,2023-05-04,2023,Kolkata Knight Riders,Sunrisers Hyderabad,"Rajiv Gandhi International Stadium, Uppal, Hyderabad",Kolkata Knight Riders,bat,Kolkata Knight Riders
1359522,2023-05-05,2023,Rajasthan Royals,Gujarat Titans,"Sawai Mansingh Stadium, Jaipur",Rajasthan Royals,bat,Gujarat Titans
1359523,2023-05-06,2023,Mumbai Indians,Chennai Super Kings,"MA Chidambaram Stadium, Chepauk, Chennai",Chennai Super Kings,field,Chennai Super Kings
1359524,2023-05-06,2023,Royal Challengers Bengaluru,Delhi Capitals,"Arun Jaitley Stadium, Delhi",Royal Challengers Bengaluru,bat,Delhi Capitals
1359525,2023-05-07,2023,Gujarat Titans,Lucknow Super Giants,"Narendra Modi Stadium, Ahmedabad",Lucknow Super Giants,field,Gujarat Titans
1359526,2023-05-07,2023,Rajasthan Royals,Sunrisers Hyderabad,"Sawai Mansingh Stadium, Jaipur",Rajasthan Royals,bat,Sunrisers Hyderabad
1359527,2023-05-08,2023,Punjab Kings,Kolkata Knight Riders,"Eden Gardens, Kolkata",Punjab Kings,bat,Kolkata Knight Riders
1359528,2023-05-09,2023,Royal Challengers Bengaluru,Mumbai Indians,"Wankhede Stadium, Mumbai",Mumbai Indians,field,Mumbai Indians
1359529,2023-05-10,2023,Chennai Super Kings,Delhi Capitals,"MA Chidambaram Stadium, Chepauk, Chennai",Chennai Super Kings,bat,Chennai Super Kings
1359530,2023-05-11,2023,Kolkata Knight Riders,Rajasthan Royals,"Eden Gardens, Kolkata",Rajasthan Royals,field,Rajasthan Royals
1359531,2023-05-12,2023,Mumbai Indians,Gujarat Titans,"Wankhede Stadium, Mumbai",Gujarat Titans,field,Mumbai Indians
1359532,2023-05-13,2023,Sunrisers Hyderabad,Lucknow Super Giants,"Rajiv Gandhi International Stadium, Uppal, Hyderabad",Sunrisers Hyderabad,bat,Lucknow Super Giants
1359533,2023-05-13,2023,Punjab Kings,Delhi Capitals,"Arun Jaitley Stadium, Delhi",Delhi Capitals,field,Punjab Kings
1359534,2023-05-14,2023,Royal Challengers Bengaluru,Rajasthan Royals,"Sawai Mansingh Stadium, Jaipur",Royal Challengers Bengaluru,bat,Royal Challengers Bengaluru
1359535,2023-05-14,2023,Chennai Super Kings,Kolkata Knight Riders,"MA Chidambaram Stadium, Chepauk, Chennai",Chennai Super Kings,bat,Kolkata Knight Riders
1359536,2023-05-15,2023,Gujarat Titans,Sunrisers Hyderabad,"Narendra Modi Stadium, Ahmedabad",Sunrisers Hyderabad,field,Gujarat Titans
1359537,2023-05-16,2023,Lucknow Super Giants,Mumbai Indians,"Bharat Ratna Shri Atal Bihari Vajpayee Ekana Cricket Stadium, Lucknow",Mumbai Indians,field,Lucknow Super Giants
1359538,2023-05-17,2023,Delhi Capitals,Punjab Kings,"Himachal Pradesh Cricket Association Stadium, Dharamsala",Punjab Kings,field,Delhi Capitals
1359539,2023-05-18,2023,Sunrisers Hyderabad,Royal Challengers Bengaluru,"Rajiv Gandhi International Stadium, Uppal, Hyderabad",Royal Challengers Bengaluru,field,Royal Challengers Bengaluru
1359540,2023-05-19,2023,Punjab Kings,Rajasthan Royals,"Himachal Pradesh Cricket Association Stadium, Dharamsala",Rajasthan Royals,field,Rajasthan Royals
1359541,2023-05-20,2023,Chennai Super Kings,Delhi Capitals,"Arun Jaitley Stadium, Delhi",Chennai Super Kings,bat,Chennai Super Kings
1359542,2023-05-20,2023,Lucknow Super Giants,Kolkata Knight Riders,"Eden Gardens, Kolkata",Kolkata Knight Riders,field,Lucknow Super Giants
1359543,2023-05-21,2023,Sunrisers Hyderabad,Mumbai Indians,"Wankhede Stadium, Mumbai",Mumbai Indians,field,Mumbai Indians
1359544,2023-05-21,2023,Royal Challengers Bengaluru,Gujarat Titans,"M Chinnaswamy Stadium, Bengaluru",Gujarat Titans,field,Gujarat Titans
1370350,2023-05-23,2023,Chennai Super Kings,Gujarat Titans,"MA Chidambaram Stadium, Chepauk, Chennai",Gujarat Titans,field,Chennai Super Kings
1370351,2023-05-24,2023,Mumbai Indians,Lucknow Super Giants,"MA Chidambaram Stadium, Chepauk, Chennai",Mumbai Indians,bat,Mumbai Indians
1370352,2023-05-26,2023,Gujarat Titans,Mumbai Indians,"Narendra Modi Stadium, Ahmedabad",Mumbai Indians,field,Gujarat Titans
1370353,2023-05-29,2023,Gujarat Titans,Chennai Super Kings,"Narendra Modi Stadium, Ahmedabad",Chennai Super Kings,field,Chennai Super Kings
1422119,2024-03-22,2024,Royal Challengers Bengaluru,Chennai Super Kings,"MA Chidambaram Stadium, Chepauk, Chennai",Royal Challengers Bengaluru,bat,Chennai Super Kings
1422120,2024-03-23,2024,Delhi Capitals,Punjab Kings,"Maharaja Yadavindra Singh International Cricket Stadium, Mullanpur",Punjab Kings,field,Punjab Kings
1422121,2024-03-23,2024,Kolkata Knight Riders,Sunrisers Hyderabad,"Eden Gardens, Kolkata",Sunrisers Hyderabad,field,Kolkata Knight Riders
1422122,2024-03-24,2024,Rajasthan Royals,Lucknow Super Giants,"Sawai Mansingh Stadium, Jaipur",Rajasthan Royals,bat,Rajasthan Royals
1422123,2024-03-24,2024,Gujarat Titans,Mumbai Indians,"Narendra Modi Stadium, Ahmedabad",Mumbai Indians,field,Gujarat Titans
1422124,2024-03-25,2024,Punjab Kings,Royal Challengers Bengaluru,"M Chinnaswamy Stadium, Bengaluru",Royal Challengers Bengaluru,field,Royal Challengers Bengaluru
1422125,2024-03-26,2024,Chennai Super Kings,Gujarat Titans,"MA Chidambaram Stadium, Chepauk, Chennai",Gujarat Titans,field,Chennai Super Kings
1422126,2024-03-27,2024,Sunrisers Hyderabad,Mumbai Indians,"Rajiv Gandhi International Stadium, Uppal, Hyderabad",Mumbai Indians,field,Sunrisers Hyderabad
1422127,2024-03-28,2024,Rajasthan Royals,Delhi Capitals,"Sawai Mansingh Stadium, Jaipur",Delhi Capitals,field,Rajasthan Royals
1422128,2024-03-29,2024,Royal Challengers Bengaluru,Kolkata Knight Riders,"M Chinnaswamy Stadium, Bengaluru",Kolkata Knight Riders,field,Kolkata Knight Riders
1422129,2024-03-30,2024,Lucknow Super Giants,Punjab Kings,"Bharat Ratna Shri Atal Bihari Vajpayee Ekana Cricket Stadium, Lucknow",Lucknow Super Giants,bat,Lucknow Super Giants
1422130,2024-03-31,2024,Sunrisers Hyderabad,Gujarat Titans,"Narendra Modi Stadium, Ahmedabad",Sunrisers Hyderabad,bat,Gujarat Titans
1422131,2024-03-31,2024,Delhi Capitals,Chennai Super Kings,"Dr. Y.S. Rajasekhara Reddy ACA-VDCA Cricket Stadium, Visakhapatnam",Delhi Capitals,bat,Delhi Capitals
1422132,2024-04-01,2024,Mumbai Indians,Rajasthan Royals,"Wankhede Stadium, Mumbai",Rajasthan Royals,field,Rajasthan Royals
1422133,2024-04-02,2024,Lucknow Super Giants,Royal Challengers Bengaluru,"M Chinnaswamy Stadium, Bengaluru",Royal Challengers Bengaluru,field,Lucknow Super Giants
1422134,2024-04-03,2024,Kolkata Knight Riders,Delhi Capitals,"Dr. Y.S. Rajasekhara Reddy ACA-VDCA Cricket Stadium, Visakhapatnam",Kolkata Knight Riders,bat,Kolkata Knight Riders
1422135,2024-04-04,2024,Gujarat Titans,Punjab Kings,"Narendra Modi Stadium, Ahmedabad",Punjab Kings,field,Punjab Kings
1422136,2024-04-05,2024,Chennai Super Kings,Sunrisers Hyderabad,"Rajiv Gandhi International Stadium, Uppal, Hyderabad",Sunrisers Hyderabad,field,Sunrisers Hyderabad
1422137,2024-04-06,2024,Royal Challengers Bengaluru,Rajasthan Royals,"Sawai Mansingh Stadium, Jaipur",Rajasthan Royals,field,Rajasthan Royals
1422138,2024-04-07,2024,Mumbai Indians,Delhi Capitals,"Wankhede Stadium, Mumbai",Delhi Capitals,field,Mumbai Indians
1422139,2024-04-07,2024,Lucknow Super Giants,Gujarat Titans,"Bharat Ratna Shri Atal Bihari Vajpayee Ekana Cricket Stadium, Lucknow",Lucknow Super Giants,bat,Lucknow Super Giants
1426260,2024-04-08,2024,Kolkata Knight Riders,Chennai Super Kings,"MA Chidambaram Stadium, Chepauk, Chennai",Chennai Super Kings,field,Chennai Super Kings
1426261,2024-04-09,2024,Sunrisers Hyderabad,Punjab Kings,"Maharaja Yadavindra Singh International Cricket Stadium, Mullanpur",Punjab Kings,field,Sunrisers Hyderabad
1426262,2024-04-10,2024,Rajasthan Royals,Gujarat Titans,"Sawai Mansingh Stadium, Jaipur",Gujarat Titans,field,Gujarat Titans
1426263,2024-04-11,2024,Royal Challengers Bengaluru,Mumbai Indians,"Wankhede Stadium, Mumbai",Mumbai Indians,field,Mumbai Indians
1426264,2024-04-12,2024,Lucknow Super Giants,Delhi Capitals,"Bharat Ratna Shri Atal Bihari Vajpayee Ekana Cricket Stadium, Lucknow",Lucknow Super Giants,bat,Delhi Capitals
1426265,2024-04-13,2024,Punjab Kings,Rajasthan Royals,"Maharaja Yadavindra Singh International Cricket Stadium, Mullanpur",Rajasthan Royals,field,Rajasthan Royals
1426266,2024-04-14,2024,Lucknow Super Giants,Kolkata Knight Riders,"Eden Gardens, Kolkata",Kolkata Knight Riders,field,Kolkata Knight Riders
1426267,2024-04-14,2024,Chennai Super Kings,Mumbai Indians,"Wankhede Stadium, Mumbai",Mumbai Indians,field,Chennai Super Kings
1426268,2024-04-15,2024,Sunrisers Hyderabad,Royal Challengers Bengaluru,"M Chinnaswamy Stadium, Bengaluru",Royal Challengers Bengaluru,field,Sunrisers Hyderabad
1426269,2024-04-16,2024,Kolkata Knight Riders,Rajasthan Royals,"Eden Gardens, Kolkata",Rajasthan Royals,field,Rajasthan Royals
1426270,2024-04-17,2024,Gujarat Titans,Delhi Capitals,"Narendra Modi Stadium, Ahmedabad",Delhi Capitals,field,Delhi Capitals
1426271,2024-04-18,2024,Mumbai Indians,Punjab Kings,"Maharaja Yadavindra Singh International Cricket Stadium, Mullanpur",Punjab Kings,field,Mumbai Indians
1426272,2024-04-19,2024,Chennai Super Kings,Lucknow Super Giants,"Bharat Ratna Shri Atal Bihari Vajpayee Ekana Cricket Stadium, Lucknow",Lucknow Super Giants,field,Lucknow Super Giants
1426273,2024-04-20,2024,Sunrisers Hyderabad,Delhi Capitals,"Arun Jaitley Stadium, Delhi",Delhi Capitals,field,Sunrisers Hyderabad
1426274,2024-04-21,2024,Kolkata Knight Riders,Royal Challengers Bengaluru,"Eden Gardens, Kolkata",Royal Challengers Bengaluru,field,Kolkata Knight Riders
1426275,2024-04-21,2024,Punjab Kings,Gujarat Titans,"Maharaja Yadavindra Singh International Cricket Stadium, Mullanpur",Punjab Kings,bat,Gujarat Titans
1426276,2024-04-22,2024,Mumbai Indians,Rajasthan Royals,"Sawai Mansingh Stadium, Jaipur",Mumbai Indians,bat,Rajasthan Royals
1426277,2024-04-23,2024,Chennai Super Kings,Lucknow Super Giants,"MA Chidambaram Stadium, Chepauk, Chennai",Lucknow Super Giants,field,Lucknow Super Giants
1426278,2024-04-24,2024,Delhi Capitals,Gujarat Titans,"Arun Jaitley Stadium, Delhi",Gujarat Titans,field,Delhi Capitals
1426279,2024-04-25,2024,Royal Challengers Bengaluru,Sunrisers Hyderabad,"Rajiv Gandhi International Stadium, Uppal, Hyderabad",Royal Challengers Bengaluru,bat,Royal Challengers Bengaluru
1426280,2024-04-26,2024,Kolkata Knight Riders,Punjab Kings,"Eden Gardens, Kolkata",Punjab Kings,field,Punjab Kings
1426281,2024-04-27,2024,Delhi Capitals,Mumbai Indians,"Arun Jaitley Stadium, Delhi",Mumbai Indians,field,Delhi Capitals
1426282,2024-04-27,2024,Lucknow Super Giants,Rajasthan Royals,"Bharat Ratna Shri Atal Bihari Vajpayee Ekana Cricket Stadium, Lucknow",Rajasthan Royals,field,Rajasthan Royals
1426283,2024-04-28,2024,Gujarat Titans,Royal Challengers Bengaluru,"Narendra Modi Stadium, Ahmedabad",Royal Challengers Bengaluru,field,Royal Challengers Bengaluru
1426284,2024-04-28,2024,Chennai Super Kings,Sunrisers Hyderabad,"MA Chidambaram Stadium, Chepauk, Chennai",Sunrisers Hyderabad,field,Chennai Super Kings
1426285,2024-04-29,2024,Delhi Capitals,Kolkata Knight Riders,"Eden Gardens, Kolkata",Delhi Capitals,bat,Kolkata Knight Riders
1426286,2024-04-30,2024,Mumbai Indians,Lucknow Super Giants,"Bharat Ratna Shri Atal Bihari Vajpayee Ekana Cricket Stadium, Lucknow",Lucknow Super Giants,field,Lucknow Super Giants
1426287,2024-05-01,2024,Chennai Super Kings,Punjab Kings,"MA Chidambaram Stadium, Chepauk, Chennai",Punjab Kings,field,Punjab Kings
1426288,2024-05-02,2024,Sunrisers Hyderabad,Rajasthan Royals,"Rajiv Gandhi International Stadium, Uppal, Hyderabad",Sunrisers Hyderabad,bat,Sunrisers Hyderabad
1426289,2024-05-03,2024,Kolkata Knight Riders,Mumbai Indians,"Wankhede Stadium, Mumbai",Mumbai Indians,field,Kolkata Knight Riders
1426290,2024-05-04,2024,Gujarat Titans,Royal Challengers Bengaluru,"M Chinnaswamy Stadium, Bengaluru",Royal Challengers Bengaluru,field,Royal Challengers Bengaluru
1426291,2024-05-05,2024,Chennai Super Kings,Punjab Kings,"Himachal Pradesh Cricket Association Stadium, Dharamsala",Punjab Kings,field,Chennai Super Kings
1426292,2024-05-05,2024,Kolkata Knight Riders,Lucknow Super Giants,"Bharat Ratna Shri Atal Bihari Vajpayee Ekana Cricket Stadium, Lucknow",Lucknow Super Giants,field,Kolkata Knight Riders
1426293,2024-05-06,2024,Sunrisers Hyderabad,Mumbai Indians,"Wankhede Stadium, Mumbai",Mumbai Indians,field,Mumbai Indians
1426294,2024-05-07,2024,Delhi Capitals,Rajasthan Royals,"Arun Jaitley Stadium, Delhi",Rajasthan Royals,field,Delhi Capitals
1426295,2024-05-08,2024,Lucknow Super Giants,Sunrisers Hyderabad,"Rajiv Gandhi International Stadium, Uppal, Hyderabad",Lucknow Super Giants,bat,Sunrisers Hyderabad
1426296,2024-05-09,2024,Royal Challengers Bengaluru,Punjab Kings,"Himachal Pradesh Cricket Association Stadium, Dharamsala",Punjab Kings,field,Royal Challengers Bengaluru
1426297,2024-05-10,2024,Gujarat Titans,Chennai Super Kings,"Narendra Modi Stadium, Ahmedabad",Chennai Super Kings,field,Gujarat Titans
1426298,2024-05-11,2024,Kolkata Knight Riders,Mumbai Indians,"Eden Gardens, Kolkata",Mumbai Indians,field,Kolkata Knight Riders
1426299,2024-05-12,2024,Rajasthan Royals,Chennai Super Kings,"MA Chidambaram Stadium, Chepauk, Chennai",Rajasthan Royals,bat,Chennai Super Kings
1426300,2024-05-12,2024,Royal Challengers Bengaluru,Delhi Capitals,"M Chinnaswamy Stadium, Bengaluru",Delhi Capitals,field,Royal Challengers Bengaluru
1426302,2024-05-14,2024,Delhi Capitals,Lucknow Super Giants,"Arun Jaitley Stadium, Delhi",Lucknow Super Giants,field,Delhi Capitals
1426303,2024-05-15,2024,Rajasthan Royals,Punjab Kings,"Barsapara Cricket Stadium, Guwahati",Rajasthan Royals,bat,Punjab Kings
1426305,2024-05-17,2024,Lucknow Super Giants,Mumbai Indians,"Wankhede Stadium, Mumbai",Mumbai Indians,field,Lucknow Super Giants
1426306,2024-05-18,2024,Royal Challengers Bengaluru,Chennai Super Kings,"M Chinnaswamy Stadium, Bengaluru",Chennai Super Kings,field,Royal Challengers Bengaluru
1426307,2024-05-19,2024,Punjab Kings,Sunrisers Hyderabad,"Rajiv Gandhi International Stadium, Uppal, Hyderabad",Punjab Kings,bat,Sunrisers Hyderabad
1426309,2024-05-21,2024,Sunrisers Hyderabad,Kolkata Knight Riders,"Narendra Modi Stadium, Ahmedabad",Sunrisers Hyderabad,bat,Kolkata Knight Riders
1426310,2024-05-22,2024,Royal Challengers Bengaluru,Rajasthan Royals,"Narendra Modi Stadium, Ahmedabad",Rajasthan Royals,field,Rajasthan Royals
1426311,2024-05-24,2024,Sunrisers Hyderabad,Rajasthan Royals,"MA Chidambaram Stadium, Chepauk, Chennai",Rajasthan Royals,field,Sunrisers Hyderabad
1426312,2024-05-26,2024,Sunrisers Hyderabad,Kolkata Knight Riders,"MA Chidambaram Stadium, Chepauk, Chennai",Sunrisers Hyderabad,bat,Kolkata Knight Riders
1473438,2025-03-22,2025,Kolkata Knight Riders,Royal Challengers Bengaluru,"Eden Gardens, Kolkata",Royal Challengers Bengaluru,field,Royal Challengers Bengaluru
1473439,2025-03-23,2025,Sunrisers Hyderabad,Rajasthan Royals,"Rajiv Gandhi International Stadium, Uppal, Hyderabad",Rajasthan Royals,field,Sunrisers Hyderabad
1473440,2025-03-23,2025,Mumbai Indians,Chennai Super Kings,"MA Chidambaram Stadium, Chepauk, Chennai",Chennai Super Kings,field,Chennai Super Kings
1473441,2025-03-24,2025,Lucknow Super Giants,Delhi Capitals,"Dr. Y.S. Rajasekhara Reddy ACA-VDCA Cricket Stadium, Visakhapatnam",Delhi Capitals,field,Delhi Capitals
1473442,2025-03-25,2025,Punjab Kings,Gujarat Titans,"Narendra Modi Stadium, Ahmedabad",Gujarat Titans,field,Punjab Kings
1473443,2025-03-26,2025,Rajasthan Royals,Kolkata Knight Riders,"Barsapara Cricket Stadium, Guwahati",Kolkata Knight Riders,field,Kolkata Knight Riders
1473444,2025-03-27,2025,Sunrisers Hyderabad,Lucknow Super Giants,"Rajiv Gandhi International Stadium, Uppal, Hyderabad",Lucknow Super Giants,field,Lucknow Super Giants
1473445,2025-03-28,2025,Royal Challengers Bengaluru,Chennai Super Kings,"MA Chidambaram Stadium, Chepauk, Chennai",Chennai Super Kings,field,Royal Challengers Bengaluru
1473446,2025-03-29,2025,Gujarat Titans,Mumbai Indians,"Narendra Modi Stadium, Ahmedabad",Mumbai Indians,field,Gujarat Titans
1473447,2025-03-30,2025,Sunrisers Hyderabad,Delhi Capitals,"Dr. Y.S. Rajasekhara Reddy ACA-VDCA Cricket Stadium, Visakhapatnam",Sunrisers Hyderabad,bat,Delhi Capitals
1473448,2025-03-30,2025,Rajasthan Royals,Chennai Super Kings,"Barsapara Cricket Stadium, Guwahati",Chennai Super Kings,field,Rajasthan Royals
1473449,2025-03-31,2025,Kolkata Knight Riders,Mumbai Indians,"Wankhede Stadium, Mumbai",Mumbai Indians,field,Mumbai Indians
1473450,2025-04-01,2025,Lucknow Super Giants,Punjab Kings,"Bharat Ratna Shri Atal Bihari Vajpayee Ekana Cricket Stadium, Lucknow",Punjab Kings,field,Punjab Kings
1473451,2025-04-02,2025,Royal Challengers Bengaluru,Gujarat Titans,"M Chinnaswamy Stadium, Bengaluru",Gujarat Titans,field,Gujarat Titans
1473452,2025-04-03,2025,Kolkata Knight Riders,Sunrisers Hyderabad,"Eden Gardens, Kolkata",Sunrisers Hyderabad,field,Kolkata Knight Riders
1473453,2025-04-04,2025,Lucknow Super Giants,Mumbai Indians,"Bharat Ratna Shri Atal Bihari Vajpayee Ekana Cricket Stadium, Lucknow",Mumbai Indians,field,Lucknow Super Giants
1473454,2025-04-05,2025,Delhi Capitals,Chennai Super Kings,"MA Chidambaram Stadium, Chepauk, Chennai",Delhi Capitals,bat,Delhi Capitals
1473455,2025-04-05,2025,Rajasthan Royals,Punjab Kings,"Maharaja Yadavindra Singh International Cricket Stadium, Mullanpur",Punjab Kings,field,Rajasthan Royals
1473457,2025-04-06,2025,Sunrisers Hyderabad,Gujarat Titans,"Rajiv Gandhi International Stadium, Uppal, Hyderabad",Gujarat Titans,field,Gujarat Titans
1473458,2025-04-07,2025,Royal Challengers Bengaluru,Mumbai Indians,"Wankhede Stadium, Mumbai",Mumbai Indians,field,Royal Challengers Bengaluru
1473456,2025-04-08,2025,Lucknow Super Giants,Kolkata Knight Riders,"Eden Gardens, Kolkata",Kolkata Knight Riders,field,Lucknow Super Giants
1473459,2025-04-08,2025,Punjab Kings,Chennai Super Kings,"Maharaja Yadavindra Singh International Cricket Stadium, Mullanpur",Punjab Kings,bat,Punjab Kings
1473460,2025-04-09,2025,Gujarat Titans,Rajasthan Royals,"Narendra Modi Stadium, Ahmedabad",Rajasthan Royals,field,Gujarat Titans
1473461,2025-04-10,2025,Royal Challengers Bengaluru,Delhi Capitals,"M Chinnaswamy Stadium, Bengaluru",Delhi Capitals,field,Delhi Capitals
1473462,2025-04-11,2025,Chennai Super Kings,Kolkata Knight Riders,"MA Chidambaram Stadium, Chepauk, Chennai",Kolkata Knight Riders,field,Kolkata Knight Riders
1473463,2025-04-12,2025,Gujarat Titans,Lucknow Super Giants,"Bharat Ratna Shri Atal Bihari Vajpayee Ekana Cricket Stadium, Lucknow",Lucknow Super Giants,field,Lucknow Super Giants
1473464,2025-04-12,2025,Punjab Kings,Sunrisers Hyderabad,"Rajiv Gandhi International Stadium, Uppal, Hyderabad",Punjab Kings,bat,Sunrisers Hyderabad
1473465,2025-04-13,2025,Rajasthan Royals,Royal Challengers Bengaluru,"Sawai Mansingh Stadium, Jaipur",Royal Challengers Bengaluru,field,Royal Challengers Bengaluru
1473466,2025-04-13,2025,Mumbai Indians,Delhi Capitals,"Arun Jaitley Stadium, Delhi",Delhi Capitals,field,Mumbai Indians
1473467,2025-04-14,2025,Lucknow Super Giants,Chennai Super Kings,"Bharat Ratna Shri Atal Bihari Vajpayee Ekana Cricket Stadium, Lucknow",Chennai Super Kings,field,Chennai Super Kings
1473468,2025-04-15,2025,Punjab Kings,Kolkata Knight Riders,"Maharaja Yadavindra Singh International Cricket Stadium, Mullanpur",Punjab Kings,bat,Punjab Kings
1473469,2025-04-16,2025,Delhi Capitals,Rajasthan Royals,"Arun Jaitley Stadium, Delhi",Rajasthan Royals,field,Delhi Capitals
1473470,2025-04-17,2025,Sunrisers Hyderabad,Mumbai Indians,"Wankhede Stadium, Mumbai",Mumbai Indians,field,Mumbai Indians
1473471,2025-04-18,2025,Royal Challengers Bengaluru,Punjab Kings,"M Chinnaswamy Stadium, Bengaluru",Punjab Kings,field,Punjab Kings
1473472,2025-04-19,2025,Delhi Capitals,Gujarat Titans,"Narendra Modi Stadium, Ahmedabad",Gujarat Titans,field,Gujarat Titans
1473473,2025-04-19,2025,Lucknow Super Giants,Rajasthan Royals,"Sawai Mansingh Stadium, Jaipur",Lucknow Super Giants,bat,Lucknow Super Giants
1473474,2025-04-20,2025,Punjab Kings,Royal Challengers Bengaluru,"Maharaja Yadavindra Singh International Cricket Stadium, Mullanpur",Royal Challengers Bengaluru,field,Royal Challengers Bengaluru
1473475,2025-04-20,2025,Chennai Super Kings,Mumbai Indians,"Wankhede Stadium, Mumbai",Mumbai Indians,field,Mumbai Indians
1473476,2025-04-21,2025,Gujarat Titans,Kolkata Knight Riders,"Eden Gardens, Kolkata",Kolkata Knight Riders,field,Gujarat Titans
1473477,2025-04-22,2025,Lucknow Super Giants,Delhi Capitals,"Bharat Ratna Shri Atal Bihari Vajpayee Ekana Cricket Stadium, Lucknow",Delhi Capitals,field,Delhi Capitals
1473478,2025-04-23,2025,Sunrisers Hyderabad,Mumbai Indians,"Rajiv Gandhi International Stadium, Uppal, Hyderabad",Mumbai Indians,field,Mumbai Indians
1473479,2025-04-24,2025,Royal Challengers Bengaluru,Rajasthan Royals,"M Chinnaswamy Stadium, Bengaluru",Rajasthan Royals,field,Royal Challengers Bengaluru
1473480,2025-04-25,2025,Chennai Super Kings,Sunrisers Hyderabad,"MA Chidambaram Stadium, Chepauk, Chennai",Sunrisers Hyderabad,field,Sunrisers Hyderabad
1473482,2025-04-27,2025,Mumbai Indians,Lucknow Super Giants,"Wankhede Stadium, Mumbai",Lucknow Super Giants,field,Mumbai Indians
1473483,2025-04-27,2025,Delhi Capitals,Royal Challengers Bengaluru,"Arun Jaitley Stadium, Delhi",Royal Challengers Bengaluru,field,Royal Challengers Bengaluru
1473484,2025-04-28,2025,Gujarat Titans,Rajasthan Royals,"Sawai Mansingh Stadium, Jaipur",Rajasthan Royals,field,Rajasthan Royals
1473485,2025-04-29,2025,Kolkata Knight Riders,Delhi Capitals,"Arun Jaitley Stadium, Delhi",Delhi Capitals,field,Kolkata Knight Riders
1473486,2025-04-30,2025,Chennai Super Kings,Punjab Kings,"MA Chidambaram Stadium, Chepauk, Chennai",Punjab Kings,field,Punjab Kings
1473487,2025-05-01,2025,Mumbai Indians,Rajasthan Royals,"Sawai Mansingh Stadium, Jaipur",Rajasthan Royals,field,Mumbai Indians
1473488,2025-05-02,2025,Gujarat Titans,Sunrisers Hyderabad,"Narendra Modi Stadium, Ahmedabad",Sunrisers Hyderabad,field,Gujarat Titans
1473489,2025-05-03,2025,Royal Challengers Bengaluru,Chennai Super Kings,"M Chinnaswamy Stadium, Bengaluru",Chennai Super Kings,field,Royal Challengers Bengaluru
1473490,2025-05-04,2025,Kolkata Knight Riders,Rajasthan Royals,"Eden Gardens, Kolkata",Kolkata Knight Riders,bat,Kolkata Knight Riders
1473491,2025-05-04,2025,Punjab Kings,Lucknow Super Giants,"Himachal Pradesh Cricket Association Stadium, Dharamsala",Lucknow Super Giants,field,Punjab Kings
1473493,2025-05-06,2025,Mumbai Indians,Gujarat Titans,"Wankhede Stadium, Mumbai",Gujarat Titans,field,Gujarat Titans
1473494,2025-05-07,2025,Kolkata Knight Riders,Chennai Super Kings,"Eden Gardens, Kolkata",Kolkata Knight Riders,bat,Chennai Super Kings
1473497,2025-05-18,2025,Punjab Kings,Rajasthan Royals,"Sawai Mansingh Stadium, Jaipur",Punjab Kings,bat,Punjab Kings
1473498,2025-05-18,2025,Delhi Capitals,Gujarat Titans,"Arun Jaitley Stadium, Delhi",Gujarat Titans,field,Gujarat Titans
1473499,2025-05-19,2025,Lucknow Super Giants,Sunrisers Hyderabad,"Bharat Ratna Shri Atal Bihari Vajpayee Ekana Cricket Stadium, Lucknow",Sunrisers Hyderabad,field,Sunrisers Hyderabad
1473500,2025-05-20,2025,Chennai Super Kings,Rajasthan Royals,"Arun Jaitley Stadium, Delhi",Rajasthan Royals,field,Rajasthan Royals
1473501,2025-05-21,2025,Mumbai Indians,Delhi Capitals,"Wankhede Stadium, Mumbai",Delhi Capitals,field,Mumbai Indians
1473502,2025-05-22,2025,Lucknow Super Giants,Gujarat Titans,"Narendra Modi Stadium, Ahmedabad",Gujarat Titans,field,Lucknow Super Giants
1473503,2025-05-23,2025,Sunrisers Hyderabad,Royal Challengers Bengaluru,"Bharat Ratna Shri Atal Bihari Vajpayee Ekana Cricket Stadium, Lucknow",Royal Challengers Bengaluru,field,Sunrisers Hyderabad
1485779,2025-05-24,2025,Punjab Kings,Delhi Capitals,"Sawai Mansingh Stadium, Jaipur",Delhi Capitals,field,Delhi Capitals
1473504,2025-05-25,2025,Chennai Super Kings,Gujarat Titans,"Narendra Modi Stadium, Ahmedabad",Chennai Super Kings,bat,Chennai Super Kings
1473505,2025-05-25,2025,Sunrisers Hyderabad,Kolkata Knight Riders,"Arun Jaitley Stadium, Delhi",Sunrisers Hyderabad,bat,Sunrisers Hyderabad
1473506,2025-05-26,2025,Mumbai Indians,Punjab Kings,"Sawai Mansingh Stadium, Jaipur",Punjab Kings,field,Punjab Kings
1473507,2025-05-27,2025,Lucknow Super Giants,Royal Challengers Bengaluru,"Bharat Ratna Shri Atal Bihari Vajpayee Ekana Cricket Stadium, Lucknow",Royal Challengers Bengaluru,field,Royal Challengers Bengaluru
1473508,2025-05-29,2025,Punjab Kings,Royal Challengers Bengaluru,"Maharaja Yadavindra Singh International Cricket Stadium, Mullanpur",Royal Challengers Bengaluru,field,Royal Challengers Bengaluru
1473509,2025-05-30,2025,Mumbai Indians,Gujarat Titans,"Maharaja Yadavindra Singh International Cricket Stadium, New Chandigarh",Mumbai Indians,bat,Mumbai Indians
1473510,2025-06-01,2025,Mumbai Indians,Punjab Kings,"Narendra Modi Stadium, Ahmedabad",Punjab Kings,field,Punjab Kings
1473511,2025-06-03,2025,Royal Challengers Bengaluru,Punjab Kings,"Narendra Modi Stadium, Ahmedabad",Punjab Kings,field,Royal Challengers Bengaluru
1527674,2026-03-28,2026,Sunrisers Hyderabad,Royal Challengers Bengaluru,"M Chinnaswamy Stadium, Bengaluru",Royal Challengers Bengaluru,field,Royal Challengers Bengaluru
1527675,2026-03-29,2026,Kolkata Knight Riders,Mumbai Indians,"Wankhede Stadium, Mumbai",Mumbai Indians,field,Mumbai Indians
1527676,2026-03-30,2026,Chennai Super Kings,Rajasthan Royals,"Barsapara Cricket Stadium, Guwahati",Rajasthan Royals,field,Rajasthan Royals
1527677,2026-03-31,2026,Gujarat Titans,Punjab Kings,"Maharaja Yadavindra Singh International Cricket Stadium, New Chandigarh",Punjab Kings,field,Punjab Kings
1527678,2026-04-01,2026,Lucknow Super Giants,Delhi Capitals,"Bharat Ratna Shri Atal Bihari Vajpayee Ekana Cricket Stadium, Lucknow",Delhi Capitals,field,Delhi Capitals
1527679,2026-04-02,2026,Sunrisers Hyderabad,Kolkata Knight Riders,"Eden Gardens, Kolkata",Kolkata Knight Riders,field,Sunrisers Hyderabad
1527680,2026-04-03,2026,Chennai Super Kings,Punjab Kings,"MA Chidambaram Stadium, Chepauk, Chennai",Punjab Kings,field,Punjab Kings
1527681,2026-04-04,2026,Mumbai Indians,Delhi Capitals,"Arun Jaitley Stadium, Delhi",Delhi Capitals,field,Delhi Capitals
1527682,2026-04-04,2026,Rajasthan Royals,Gujarat Titans,"Narendra Modi Stadium, Ahmedabad",Rajasthan Royals,bat,Rajasthan Royals
1527683,2026-04-05,2026,Sunrisers Hyderabad,Lucknow Super Giants,"Rajiv Gandhi International Stadium, Uppal, Hyderabad",Lucknow Super Giants,field,Lucknow Super Giants
1527684,2026-04-05,2026,Royal Challengers Bengaluru,Chennai Super Kings,"M Chinnaswamy Stadium, Bengaluru",Chennai Super Kings,field,Royal Challengers Bengaluru
1527686,2026-04-07,2026,Rajasthan Royals,Mumbai Indians,"Barsapara Cricket Stadium, Guwahati",Mumbai Indians,field,Rajasthan Royals
1527687,2026-04-08,2026,Gujarat Titans,Delhi Capitals,"Arun Jaitley Stadium, Delhi",Delhi Capitals,field,Gujarat Titans
1527688,2026-04-09,2026,Kolkata Knight Riders,Lucknow Super Giants,"Eden Gardens, Kolkata",Lucknow Super Giants,field,Lucknow Super Giants
1527689,2026-04-10,2026,Royal Challengers Bengaluru,Rajasthan Royals,"Barsapara Cricket Stadium, Guwahati",Rajasthan Royals,field,Rajasthan Royals
1527690,2026-04-11,2026,Sunrisers Hyderabad,Punjab Kings,"Maharaja Yadavindra Singh International Cricket Stadium, New Chandigarh",Punjab Kings,field,Punjab Kings
1527691,2026-04-11,2026,Chennai Super Kings,Delhi Capitals,"MA Chidambaram Stadium, Chepauk, Chennai",Delhi Capitals,field,Chennai Super Kings
1527692,2026-04-12,2026,Lucknow Super Giants,Gujarat Titans,"Bharat Ratna Shri Atal Bihari Vajpayee Ekana Cricket Stadium, Lucknow",Gujarat Titans,field,Gujarat Titans
1527693,2026-04-12,2026,Royal Challengers Bengaluru,Mumbai Indians,"Wankhede Stadium, Mumbai",Mumbai Indians,field,Royal Challengers Bengaluru
1529264,2026-04-13,2026,Sunrisers Hyderabad,Rajasthan Royals,"Rajiv Gandhi International Stadium, Uppal, Hyderabad",Rajasthan Royals,field,Sunrisers Hyderabad
1529265,2026-04-14,2026,Chennai Super Kings,Kolkata Knight Riders,"MA Chidambaram Stadium, Chepauk, Chennai",Kolkata Knight Riders,field,Chennai Super Kings
1529266,2026-04-15,2026,Lucknow Super Giants,Royal Challengers Bengaluru,"M Chinnaswamy Stadium, Bengaluru",Royal Challengers Bengaluru,field,Royal Challengers Bengaluru
1529267,2026-04-16,2026,Mumbai Indians,Punjab Kings,"Wankhede Stadium, Mumbai",Punjab Kings,field,Punjab Kings
1529268,2026-04-17,2026,Kolkata Knight Riders,Gujarat Titans,"Narendra Modi Stadium, Ahmedabad",Kolkata Knight Riders,bat,Gujarat Titans
1529269,2026-04-18,2026,Royal Challengers Bengaluru,Delhi Capitals,"M Chinnaswamy Stadium, Bengaluru",Delhi Capitals,field,Delhi Capitals
1529270,2026-04-18,2026,Sunrisers Hyderabad,Chennai Super Kings,"Rajiv Gandhi International Stadium, Uppal, Hyderabad",Chennai Super Kings,field,Sunrisers Hyderabad
1529271,2026-04-19,2026,Rajasthan Royals,Kolkata Knight Riders,"Eden Gardens, Kolkata",Rajasthan Royals,bat,Kolkata Knight Riders
1529272,2026-04-19,2026,Punjab Kings,Lucknow Super Giants,"Maharaja Yadavindra Singh International Cricket Stadium, New Chandigarh",Lucknow Super Giants,field,Punjab Kings
1529273,2026-04-20,2026,Mumbai Indians,Gujarat Titans,"Narendra Modi Stadium, Ahmedabad",Gujarat Titans,field,Mumbai Indians
1529274,2026-04-21,2026,Sunrisers Hyderabad,Delhi Capitals,"Rajiv Gandhi International Stadium, Uppal, Hyderabad",Delhi Capitals,field,Sunrisers Hyderabad
1529275,2026-04-22,2026,Rajasthan Royals,Lucknow Super Giants,"Bharat Ratna Shri Atal Bihari Vajpayee Ekana Cricket Stadium, Lucknow",Lucknow Super Giants,field,Rajasthan Royals
1529276,2026-04-23,2026,Chennai Super Kings,Mumbai Indians,"Wankhede Stadium, Mumbai",Mumbai Indians,field,Chennai Super Kings
1529277,2026-04-24,2026,Gujarat Titans,Royal Challengers Bengaluru,"M Chinnaswamy Stadium, Bengaluru",Royal Challengers Bengaluru,field,Royal Challengers Bengaluru
1529278,2026-04-25,2026,Delhi Capitals,Punjab Kings,"Arun Jaitley Stadium, Delhi",Delhi Capitals,bat,Punjab Kings
1529279,2026-04-25,2026,Rajasthan Royals,Sunrisers Hyderabad,"Sawai Mansingh Stadium, Jaipur",Sunrisers Hyderabad,field,Sunrisers Hyderabad
1529280,2026-04-26,2026,Chennai Super Kings,Gujarat Titans,"MA Chidambaram Stadium, Chepauk, Chennai",Gujarat Titans,field,Gujarat Titans
1529281,2026-04-26,2026,Kolkata Knight Riders,Lucknow Super Giants,"Bharat Ratna Shri Atal Bihari Vajpayee Ekana Cricket Stadium, Lucknow",Lucknow Super Giants,field,Kolkata Knight Riders
1529282,2026-04-27,2026,Delhi Capitals,Royal Challengers Bengaluru,"Arun Jaitley Stadium, Delhi",Royal Challengers Bengaluru,field,Royal Challengers Bengaluru
1529283,2026-04-28,2026,Punjab Kings,Rajasthan Royals,"Maharaja Yadavindra Singh International Cricket Stadium, New Chandigarh",Rajasthan Royals,field,Rajasthan Royals
1529284,2026-04-29,2026,Mumbai Indians,Sunrisers Hyderabad,"Wankhede Stadium, Mumbai",Mumbai Indians,bat,Sunrisers Hyderabad
1529285,2026-04-30,2026,Royal Challengers Bengaluru,Gujarat Titans,"Narendra Modi Stadium, Ahmedabad",Gujarat Titans,field,Gujarat Titans
1529286,2026-05-01,2026,Rajasthan Royals,Delhi Capitals,"Sawai Mansingh Stadium, Jaipur",Rajasthan Royals,bat,Delhi Capitals
1529287,2026-05-02,2026,Mumbai Indians,Chennai Super Kings,"MA Chidambaram Stadium, Chepauk, Chennai",Mumbai Indians,bat,Chennai Super Kings
1529288,2026-05-03,2026,Sunrisers Hyderabad,Kolkata Knight Riders,"Rajiv Gandhi International Stadium, Uppal, Hyderabad",Sunrisers Hyderabad,bat,Kolkata Knight Riders
1529289,2026-05-03,2026,Punjab Kings,Gujarat Titans,"Narendra Modi Stadium, Ahmedabad",Gujarat Titans,field,Gujarat Titans
1529290,2026-05-04,2026,Lucknow Super Giants,Mumbai Indians,"Wankhede Stadium, Mumbai",Mumbai Indians,field,Mumbai Indians
1529291,2026-05-05,2026,Delhi Capitals,Chennai Super Kings,"Arun Jaitley Stadium, Delhi",Delhi Capitals,bat,Chennai Super Kings
1529292,2026-05-06,2026,Sunrisers Hyderabad,Punjab Kings,"Rajiv Gandhi International Stadium, Uppal, Hyderabad",Punjab Kings,field,Sunrisers Hyderabad
1529293,2026-05-07,2026,Lucknow Super Giants,Royal Challengers Bengaluru,"Bharat Ratna Shri Atal Bihari Vajpayee Ekana Cricket Stadium, Lucknow",Royal Challengers Bengaluru,field,Lucknow Super Giants
1529294,2026-05-08,2026,Delhi Capitals,Kolkata Knight Riders,"Arun Jaitley Stadium, Delhi",Kolkata Knight Riders,field,Kolkata Knight Riders
1529295,2026-05-09,2026,Gujarat Titans,Rajasthan Royals,"Sawai Mansingh Stadium, Jaipur",Rajasthan Royals,field,Gujarat Titans
1529296,2026-05-10,2026,Lucknow Super Giants,Chennai Super Kings,"MA Chidambaram Stadium, Chepauk, Chennai",Chennai Super Kings,field,Chennai Super Kings
1529297,2026-05-10,2026,Mumbai Indians,Royal Challengers Bengaluru,"Shaheed Veer Narayan Singh International Stadium, Raipur",Royal Challengers Bengaluru,field,Royal Challengers Bengaluru
1529298,2026-05-11,2026,Punjab Kings,Delhi Capitals,"Himachal Pradesh Cricket Association Stadium, Dharamsala",Delhi Capitals,field,Delhi Capitals
1529299,2026-05-12,2026,Gujarat Titans,Sunrisers Hyderabad,"Narendra Modi Stadium, Ahmedabad",Sunrisers Hyderabad,field,Gujarat Titans
1529300,2026-05-13,2026,Kolkata Knight Riders,Royal Challengers Bengaluru,"Shaheed Veer Narayan Singh International Stadium, Raipur",Royal Challengers Bengaluru,field,Royal Challengers Bengaluru
1529301,2026-05-14,2026,Punjab Kings,Mumbai Indians,"Himachal Pradesh Cricket Association Stadium, Dharamsala",Mumbai Indians,field,Mumbai Indians
1529302,2026-05-15,2026,Chennai Super Kings,Lucknow Super Giants,"Bharat Ratna Shri Atal Bihari Vajpayee Ekana Cricket Stadium, Lucknow",Lucknow Super Giants,field,Lucknow Super Giants
1529303,2026-05-16,2026,Kolkata Knight Riders,Gujarat Titans,"Eden Gardens, Kolkata",Gujarat Titans,field,Kolkata Knight Riders
1529304,2026-05-17,2026,Royal Challengers Bengaluru,Punjab Kings,"Himachal Pradesh Cricket Association Stadium, Dharamsala",Punjab Kings,field,Royal Challengers Bengaluru
1529305,2026-05-17,2026,Rajasthan Royals,Delhi Capitals,"Arun Jaitley Stadium, Delhi",Delhi Capitals,field,Delhi Capitals
1529306,2026-05-18,2026,Chennai Super Kings,Sunrisers Hyderabad,"MA Chidambaram Stadium, Chepauk, Chennai",Chennai Super Kings,bat,Sunrisers Hyderabad
1529307,2026-05-19,2026,Lucknow Super Giants,Rajasthan Royals,"Sawai Mansingh Stadium, Jaipur",Rajasthan Royals,field,Rajasthan Royals
1529308,2026-05-20,2026,Mumbai Indians,Kolkata Knight Riders,"Eden Gardens, Kolkata",Kolkata Knight Riders,field,Kolkata Knight Riders
1529309,2026-05-21,2026,Gujarat Titans,Chennai Super Kings,"Narendra Modi Stadium, Ahmedabad",Chennai Super Kings,field,Gujarat Titans
1529310,2026-05-22,2026,Sunrisers Hyderabad,Royal Challengers Bengaluru,"Rajiv Gandhi International Stadium, Uppal, Hyderabad",Sunrisers Hyderabad,bat,Sunrisers Hyderabad
1529311,2026-05-23,2026,Lucknow Super Giants,Punjab Kings,"Bharat Ratna Shri Atal Bihari Vajpayee Ekana Cricket Stadium, Lucknow",Punjab Kings,field,Punjab Kings
1529312,2026-05-24,2026,Rajasthan Royals,Mumbai Indians,"Wankhede Stadium, Mumbai",Mumbai Indians,field,Rajasthan Royals
1529313,2026-05-24,2026,Delhi Capitals,Kolkata Knight Riders,"Eden Gardens, Kolkata",Kolkata Knight Riders,field,Delhi Capitals
1535462,2026-05-26,2026,Royal Challengers Bengaluru,Gujarat Titans,"Himachal Pradesh Cricket Association Stadium, Dharamsala",Gujarat Titans,field,Royal Challengers Bengaluru
1535463,2026-05-27,2026,Rajasthan Royals,Sunrisers Hyderabad,"Maharaja Yadavindra Singh International Cricket Stadium, New Chandigarh",Sunrisers Hyderabad,field,Rajasthan Royals
1535464,2026-05-29,2026,Rajasthan Royals,Gujarat Titans,"Maharaja Yadavindra Singh International Cricket Stadium, New Chandigarh",Rajasthan Royals,bat,Gujarat Titans
1535465,2026-05-31,2026,Gujarat Titans,Royal Challengers Bengaluru,"Narendra Modi Stadium, Ahmedabad",Royal Challengers Bengaluru,field,Royal Challengers Bengaluru
